portal,url
bnc_amazonas,https://bncamazonas.com.br/brasilia/fausto-jr-leis-contra-trafico-pessoas/
bnc_amazonas,https://bncamazonas.com.br/poder/maria-do-carmo-4/
bnc_amazonas,https://bncamazonas.com.br/ta_na_midia/justica-dos-eua-prende-brasileiro-por-contrabando-de-pessoas/
bnc_amazonas,https://bncamazonas.com.br/ta_na_midia/funks-do-trafico-de-drogas-animam-militares-brasileiros-na-ucrania/
bnc_amazonas,https://bncamazonas.com.br/municipios/rr-presidente-da-camara-e-chefe-da-pm-sao-presos-por-ligacao-com-trafico/
bnc_amazonas,https://bncamazonas.com.br/municipios/mae-e-irmao-de-djidja-e-mais-5-podem-ser-condenados-por-trafico-de-droga/
bnc_amazonas,https://bncamazonas.com.br/municipios/caso-djidja-mae-filho-namorado-viram-reus-trafico-drogas/
bnc_amazonas,https://bncamazonas.com.br/municipios/operacao-prende-chefes-faccoes-trafico-drogas-amazonas/
bnc_amazonas,https://bncamazonas.com.br/municipios/aviao-usado-no-trafico-de-drogas-e-apreendido-em-operacao-em-manaus/
bnc_amazonas,https://bncamazonas.com.br/municipios/amazonia-presenca-faccoes-criminosas-amazonia/
bnc_amazonas,https://bncamazonas.com.br/ta_na_midia/michelle-bolsonaro-critica-ministro-evento-pl-mulher/
bnc_amazonas,https://bncamazonas.com.br/municipios/dama-trafico-amazonas-scanner-revista-presidio/
bnc_amazonas,https://bncamazonas.com.br/ta_na_midia/trafico-2/
bnc_amazonas,https://bncamazonas.com.br/ta_na_midia/trafico/
bnc_amazonas,https://bncamazonas.com.br/municipios/aviao-2/
bnc_amazonas,https://bncamazonas.com.br/municipios/faccao-recruta-venezuelanos-trafico-triplice-fronteira/
bnc_amazonas,https://bncamazonas.com.br/ta_na_midia/influencers-presas-yasmim-brunet-trafico-humano/
bnc_amazonas,https://bncamazonas.com.br/municipios/nove-presos-manaus-trafico-minerio/
bnc_amazonas,https://bncamazonas.com.br/ta_na_midia/narcotrafico/
bnc_amazonas,https://bncamazonas.com.br/ta_na_midia/operacao-da-pf-contra-trafico-prende-primo-do-senador-alcolumbre/
bnc_amazonas,https://bncamazonas.com.br/municipios/presidios-amazonas-alerta-ameaca-faccoes-trafico/
bnc_amazonas,https://bncamazonas.com.br/poder/trafico-ataques-policia-prende-suspeitos/
bnc_amazonas,https://bncamazonas.com.br/rapidinhas/pf-faz-operacao-contra-trafico-de-drogas-no-amazonas-e-mais-oito-estados/
bnc_amazonas,https://bncamazonas.com.br/eleicoes2020/milicia-trafico-eleicoes-rj/
bnc_amazonas,https://bncamazonas.com.br/municipios/forca-nacional-nova-olinda-trafico/
bnc_amazonas,https://bncamazonas.com.br/municipios/operacao-em-nova-olinda-do-norte-combate-o-trafico-e-a-milicia-armada/
bnc_amazonas,https://bncamazonas.com.br/municipios/forca-nacional-vem-ao-am-em-acoes-especiais-contra-o-narcotrafico/
bnc_amazonas,https://bncamazonas.com.br/ta_na_midia/operacao-pf-trafico-drogas-am/
bnc_amazonas,https://bncamazonas.com.br/ta_na_midia/comissao-trafico-drogas-hediondos/
bnc_amazonas,https://bncamazonas.com.br/municipios/esvaziamento-zfm-exercito-arthur/
bnc_amazonas,https://bncamazonas.com.br/poder/operacao-trafico-aereo-drogas-amazonas/
bnc_amazonas,https://bncamazonas.com.br/poder/trafico-candidata-psol-impugnada-mpe/
bnc_amazonas,https://bncamazonas.com.br/municipios/policia-federal-aborta-rota-do-trafico-por-santarem-e-manaus/
bnc_amazonas,https://bncamazonas.com.br/rapidinhas/trafico-de-drogas-corresponde-23-das-prisoes-no-am/
bnc_amazonas,https://bncamazonas.com.br/ta_na_midia/em-santa-catarina-venezuelanos-eram-tratados-como-escravos/
bnc_amazonas,https://bncamazonas.com.br/poder/trump-cerca-venezuela-e-vai-tomar-todo-o-petroleo-que-diz-ter-sido-roubado/
bnc_amazonas,https://bncamazonas.com.br/ta_na_midia/pouca-roupa-muita-bebida-menina-gravida-a-rotina-na-casa-de-exploracao-de-hytalo/
bnc_amazonas,https://bncamazonas.com.br/ta_na_midia/a-sensacional-operacao-da-pf-que-resgatou-bebe-traficado-para-portugal/
bnc_amazonas,https://bncamazonas.com.br/municipios/amazonia-34/
bnc_amazonas,https://bncamazonas.com.br/ta_na_midia/aliciada/
bnc_amazonas,https://bncamazonas.com.br/poder/fundo-amazonia-financia-helicopteros-para-policia-federal-patrulhar-regiao/
bnc_amazonas,https://bncamazonas.com.br/poder/ccj-senado-libera-geral-jogo-do-bicho-cassino-bingo-corrida-de-cavalo/
bnc_amazonas,https://bncamazonas.com.br/ta_na_midia/denuncia-de-damares-sobre-criancas-do-para-tem-cara-de-fake-news/
bnc_amazonas,https://bncamazonas.com.br/municipios/amazonas-recebe-viaturas-para-combate-a-criminalidade-nas-fronteiras/
bnc_amazonas,https://bncamazonas.com.br/municipios/wilson-sinodo-pan-amazonia/
bnc_amazonas,https://bncamazonas.com.br/municipios/ouro-destruicao-amazonia/
bnc_amazonas,https://bncamazonas.com.br/rapidinhas/senado-frente-parlamentar-fronteiras/
bnc_amazonas,https://bncamazonas.com.br/municipios/operacao-barcos-criancas-parintins/
bnc_amazonas,https://bncamazonas.com.br/municipios/carta-manaus-presidente-bolsonaro/
bnc_amazonas,https://bncamazonas.com.br/poder/vanessa-se-despede-da-tribuna/
bnc_amazonas,https://bncamazonas.com.br/ta_na_midia/mundo-brasileiro-discursa-temer-onu/
bnc_amazonas,https://bncamazonas.com.br/municipios/ato-publico-no-centro-de-manaus-pede-fim-da-violencia-contra-a-mulher/
bnc_amazonas,https://bncamazonas.com.br/ta_na_midia/disputa-taxistas-x-ubers-pode-ter-hoje-round-decisivo-no-senado/
bnc_amazonas,https://bncamazonas.com.br/ta_na_midia/mp-pede-revogacao-da-portaria-de-regras-do-trabalho-escravo/
bnc_amazonas,https://bncamazonas.com.br/ta_na_midia/ministro-afirma-que-orcamento-pode-prejudicar-trabalho-da-pfministro-afirma-que-orcamento-pode-prejudicar-trabalho-da-pf/
bnc_amazonas,https://bncamazonas.com.br/poder/melo-propoe-temer-pacto-nacional-para-combate-ao-crime-organizado/
bnc_amazonas,https://bncamazonas.com.br/municipios/operacao-apreende-drogas-e-arsenal-na-rota-por-br-no-amazonas/
bnc_amazonas,https://bncamazonas.com.br/poder/mp-denuncia-primeiro-grupo-de-ligacao-com-crime-organizado-no-amazonas/
bnc_amazonas,https://bncamazonas.com.br/municipios/pf-prende-sargento-pm-do-amazonas-que-lavava-dinheiro-de-faccao/
bnc_amazonas,https://bncamazonas.com.br/brasilia/alberto-neto-17/
bnc_amazonas,https://bncamazonas.com.br/poder/david-almeida-tenta-explicar-elo-com-crime-organizado/
bnc_amazonas,https://bncamazonas.com.br/rapidinhas/sem-matar-ninguem-policia-prende-no-rio-5-criminosos-de-faccao-no-condominio/
bnc_amazonas,https://bncamazonas.com.br/brasilia/alberto-neto-divulga-que-destinou-r-75-milhoes-em-emendas-ao-amazonas/
bnc_amazonas,https://bncamazonas.com.br/rapidinhas/manaus-e-parintins-sao-alvos-de-operacao-contra-crime-organizado/
bnc_amazonas,https://bncamazonas.com.br/municipios/cop-30-empresa-de-doido-do-para-usou-dinheiro-do-crime-diz-pgr/
bnc_amazonas,https://bncamazonas.com.br/brasilia/alberto-neto-alerta-para-avanco-das-faccoes-na-amazonia-e-destaca-projeto-antifaccao/
bnc_amazonas,https://bncamazonas.com.br/municipios/conheca-a-empresaria-peruana-dona-da-cocaina-preta-em-manaus/
bnc_amazonas,https://bncamazonas.com.br/rapidinhas/matanca-nem-cocou-no-poder-do-cv-diz-pm-do-governador-do-rio/
bnc_amazonas,https://bncamazonas.com.br/ta_na_midia/operacao-do-governador-da-bahia-contra-cv-prende-36-lideres-1-morto/
bnc_amazonas,https://bncamazonas.com.br/rapidinhas/perfil-da-matanca-no-rio-17-vitimas-nao-tinham-ficha-na-policia/
bnc_amazonas,https://bncamazonas.com.br/municipios/nove-lideres-de-faccao-sao-presos-em-operacao-conjunta-no-para-e-santa-catarina/
bnc_amazonas,https://bncamazonas.com.br/ta_na_midia/comando-vermelho/
bnc_amazonas,https://bncamazonas.com.br/brasilia/atila-16/
bnc_amazonas,https://bncamazonas.com.br/municipios/seca-do-madeira-destoa-no-amazonas-e-rio-oferece-risco-a-navegacao/
bnc_amazonas,https://bncamazonas.com.br/rapidinhas/policia-prende-17-gerentes-de-lojinhas-do-crack-do-pcc-em-roraima/
bnc_amazonas,https://bncamazonas.com.br/municipios/amazonia-acordo-bloqueia-internet-da-starlink-para-garimpeiros/
bnc_amazonas,https://bncamazonas.com.br/municipios/colombia-e-denunciado-a-justica-como-mandante-das-mortes-de-bruno-e-dom/
bnc_amazonas,https://bncamazonas.com.br/poder/anistia/
bnc_amazonas,https://bncamazonas.com.br/ta_na_midia/pl-de-bolsonaro-arma-cena-para-golpista-posar-de-coitadinho/
bnc_amazonas,https://bncamazonas.com.br/poder/lula-marca-data-de-deposito-do-pe-de-meia-na-conta-do-estudante/
bnc_amazonas,https://bncamazonas.com.br/municipios/traficante-faturou-r-2-milhoes-usando-gravidas-e-indigenas-nos-avioes-da-fab/
bnc_amazonas,https://bncamazonas.com.br/municipios/delegado-de-borba-no-amazonas-e-suspeito-de-ligacao-com-criminosos/
bnc_amazonas,https://bncamazonas.com.br/municipios/reveillon-de-manaus-no-morro-tinha-ate-fila-para-comprar-droga/
bnc_amazonas,https://bncamazonas.com.br/municipios/audiencia-de-custodia/
bnc_amazonas,https://bncamazonas.com.br/municipios/amazonia-coroneis-da-pm-presos-comandavam-esquema-de-desvio-de-ouro/
bnc_amazonas,https://bncamazonas.com.br/municipios/duas-toneladas-de-maconha-e-cocaina-sao-apreendidas-no-rio-solimoes-am/
bnc_amazonas,https://bncamazonas.com.br/municipios/caso-djidja-mae-da-seita-diz-que-vai-continuar-meditacoes-ao-sair-da-cadeia/
bnc_amazonas,https://bncamazonas.com.br/municipios/caso-djidja-justica-tira-tornozeleira-namorado-mae-filho-seguem-presos/
bnc_amazonas,https://bncamazonas.com.br/municipios/djidja-3/
bnc_amazonas,https://bncamazonas.com.br/municipios/amazonia-24/
bnc_amazonas,https://bncamazonas.com.br/brasilia/atila-5/
bnc_amazonas,https://bncamazonas.com.br/rapidinhas/caso-djidja-dois-donos-de-clinicas-veterinarias-estao-entre-11-indiciados-pela-policia/
bnc_amazonas,https://bncamazonas.com.br/municipios/djidja-2/
bnc_amazonas,https://bncamazonas.com.br/municipios/quadrilha-presa-350-kg-droga-mulheres-soldado-exercito/
bnc_amazonas,https://bncamazonas.com.br/municipios/caso-djidja-indiciados-crimes-seita-pai-mae-vida/
bnc_amazonas,https://bncamazonas.com.br/municipios/jovens/
bnc_amazonas,https://bncamazonas.com.br/municipios/pai-mae-vida-decretada-prisao-dono-loja-ketamina/
bnc_amazonas,https://bncamazonas.com.br/municipios/policia-federal-prende-um-por-dia-drogas-aeroporto-manaus/
bnc_amazonas,https://bncamazonas.com.br/municipios/amazonas-policia-prendendo-policia-delegado-militares/
bnc_amazonas,https://bncamazonas.com.br/ta_na_midia/com-bolsonaro-exercito-liberou-5-mil-armas-a-condenados-por-crimes/
bnc_amazonas,https://bncamazonas.com.br/ta_na_midia/com-homicidas-no-meio-255-presos-esticam-saida-do-natal/
bnc_amazonas,https://bncamazonas.com.br/ta_na_midia/moro-acusado-infiltrar-policial-espionar-presidente-tce/
bnc_amazonas,https://bncamazonas.com.br/ta_na_midia/paracetamol-bem-causa-problema-organismo/
bnc_amazonas,https://bncamazonas.com.br/brasilia/deputado-cobra-ministerio-de-dino-sobre-avanco-da-criminalidade-na-amazonia/
bnc_amazonas,https://bncamazonas.com.br/municipios/engenheiro-pesca-luta-pesca-ilegal-amazonia/
bnc_amazonas,https://bncamazonas.com.br/municipios/policia-trono-maconha-meia-tonelada-drogas-manaus/
bnc_amazonas,https://bncamazonas.com.br/ta_na_midia/pf-9/
bnc_amazonas,https://bncamazonas.com.br/ta_na_midia/oito-corpos-boiam-em-garimpo-na-terra-dos-ianomamis/
bnc_amazonas,https://bncamazonas.com.br/municipios/o-tiktoker-e-a-capivara-ibama-aponta-motivos-da-multa-e-punicao/
bnc_amazonas,https://bncamazonas.com.br/municipios/pf-4/
bnc_amazonas,https://bncamazonas.com.br/municipios/traficantes-amazonas-operacao-pf-receita/
bnc_amazonas,https://bncamazonas.com.br/ta_na_midia/candidata-uniao-brasil-faccao-criminosa/
bnc_amazonas,https://bncamazonas.com.br/municipios/ianomamis-aos-15-anos-fazia-sexo-16-vezes-por-noite-com-garimpeiros/
bnc_amazonas,https://bncamazonas.com.br/municipios/operacao-triplice-fronteira-pf-toneladas-drogas-am/
bnc_amazonas,https://bncamazonas.com.br/ta_na_midia/coronel/
bnc_amazonas,https://bncamazonas.com.br/municipios/amazonia-drama-atalaia-do-norte-vale-do-javari/
bnc_amazonas,https://bncamazonas.com.br/ta_na_midia/paredao/
bnc_amazonas,https://bncamazonas.com.br/ta_na_midia/el-chapo/
bnc_amazonas,https://bncamazonas.com.br/ta_na_midia/caminhoes/
bnc_amazonas,https://bncamazonas.com.br/ta_na_midia/grampo-celular-ligacao-policiais-faccao-criminosa/
bnc_amazonas,https://bncamazonas.com.br/municipios/vale-javari-substituto-bruno/
bnc_amazonas,https://bncamazonas.com.br/ta_na_midia/colombia/
bnc_amazonas,https://bncamazonas.com.br/poder/stj-joga-agua-fria-na-militarizacao-e-armamento-de-guardas-municipais/
bnc_amazonas,https://bncamazonas.com.br/ta_na_midia/guardas-municipais/
bnc_amazonas,https://bncamazonas.com.br/poder/mpf-amazonas-denuncia-presidente-da-funai-por-perseguir-servidores/
bnc_amazonas,https://bncamazonas.com.br/ta_na_midia/faccao-criminosa-usa-incentivo-de-bolsonaro-para-modernizar-arsenal/
bnc_amazonas,https://bncamazonas.com.br/municipios/execucao-bruno-dom-mandante/
bnc_amazonas,https://bncamazonas.com.br/ta_na_midia/justica-policia-sigilo-filho-bolsonaro/
bnc_amazonas,https://bncamazonas.com.br/poder/bolsonaro-e-claro-em-insinuar-golpe-com-exercito-de-200-milhoes/
bnc_amazonas,https://bncamazonas.com.br/municipios/policia/
bnc_amazonas,https://bncamazonas.com.br/ta_na_midia/bolsonaro-11/
bnc_amazonas,https://bncamazonas.com.br/ta_na_midia/faccoes/
bnc_amazonas,https://bncamazonas.com.br/poder/ministerio-justica-troca-pf-amazonas/
bnc_amazonas,https://bncamazonas.com.br/municipios/vernissage-expoe-obras-de-artistas-que-se-conectam-pela-diversidade/
bnc_amazonas,https://bncamazonas.com.br/ta_na_midia/submarino-cocaina-apreendido-pacifico/
bnc_amazonas,https://bncamazonas.com.br/municipios/telegram-viraliza-filme-negacionista-e-fake-news-sobre-amazonia/
bnc_amazonas,https://bncamazonas.com.br/ta_na_midia/pcc-tem-como-parca-o-chefao-do-crime-el-chapo-guzman/
bnc_amazonas,https://bncamazonas.com.br/poder/bolsonaro-teme-que-acusacoes-contra-os-filhos-afetem-sua-eleicao/
bnc_amazonas,https://bncamazonas.com.br/ta_na_midia/stf-retoma-julgamento-da-letalidade-das-operacoes-policiais-do-rio-pm/
bnc_amazonas,https://bncamazonas.com.br/municipios/traficantes-licenca-governo-garimpar-amazonia/
bnc_amazonas,https://bncamazonas.com.br/parintins-perdeu-o-encanto/
bnc_amazonas,https://bncamazonas.com.br/ta_na_midia/guerra-dos-narcos-repete-no-equador-massacre-de-presos-no-amazonas/
bnc_amazonas,https://bncamazonas.com.br/poder/desembargadora-do-am-punida-com-aposentadoria-demora-a-desapegar/
bnc_amazonas,https://bncamazonas.com.br/municipios/am-nao-poe-nenhuma-cidade-entre-162-sem-homicidio-ha-10-anos/
bnc_amazonas,https://bncamazonas.com.br/poder/juizes-fecham-olhos-para-agressao-e-truculencia-policiais-diz-defensoria/
bnc_amazonas,https://bncamazonas.com.br/poder/roberto-jefferson-e-condenado-por-homofobia-contra-governador-gaucho/
bnc_amazonas,https://bncamazonas.com.br/poder/deus-atendeu-nossas-preces-disse-carlos-souza-sobre-absolvicao/
bnc_amazonas,https://bncamazonas.com.br/ta_na_midia/crime-organizado-lideres-atentados/
bnc_amazonas,https://bncamazonas.com.br/ta_na_midia/cachorro-x9-ajuda-policia-a-achar-droga-de-seu-dono-e-no-video/
bnc_amazonas,https://bncamazonas.com.br/municipios/operacao-da-pf-fecha-serrarias-em-maues-por-crimes-ambientais/
bnc_amazonas,https://bncamazonas.com.br/municipios/coronel-pm-amazonas-milicia-arrocho/
bnc_amazonas,https://bncamazonas.com.br/ta_na_midia/mpf-denuncia-weintraub-por-atacar-universidades-federais/
bnc_amazonas,https://bncamazonas.com.br/poder/pf-suspeito-fraudar-auxilio-manaus/
bnc_amazonas,https://bncamazonas.com.br/poder/desembargadora-do-am-acusada-de-vender-sentencas-e-denunciada/
bnc_amazonas,https://bncamazonas.com.br/municipios/mourao-destaca-financiamento-entre-prioridades-2021-da-amazonia/
bnc_amazonas,https://bncamazonas.com.br/municipios/operacao-boca-raton-apreende-material-e-reforca-acao-contra-corrupcao/
bnc_amazonas,https://bncamazonas.com.br/ta_na_midia/operacao-da-pf-prende-desembargadoras-do-tribunal-de-justica/
bnc_amazonas,https://bncamazonas.com.br/ta_na_midia/diante-da-morte-no-carrefour-mourao-diz-que-nao-ha-racismo-no-pais/
bnc_amazonas,https://bncamazonas.com.br/municipios/operacao-da-pf-mira-traficantes-do-am-com-bracos-em-santa-catarina/
bnc_amazonas,https://bncamazonas.com.br/ta_na_midia/operacao-sharks-mira-membros-do-pcc-no-brasil-e-exterior/
bnc_amazonas,https://bncamazonas.com.br/municipios/entidades-denunciam-massacre-operacao-policial-em-nova-olinda/
bnc_amazonas,https://bncamazonas.com.br/ta_na_midia/wassef-e-advogados-de-lula-e-witzel-sao-alvos-operacao-equema-s/
bnc_amazonas,https://bncamazonas.com.br/ta_na_midia/planilhas-mostram-que-pcc-paga-ate-o-leite-das-criancas-para-presos/
bnc_amazonas,https://bncamazonas.com.br/rapidinhas/ossada-humana-e-achada-pela-pf-em-nova-olinda-do-norte/
bnc_amazonas,https://bncamazonas.com.br/municipios/mundurukus-denunciam-garimpeiros-prostitutas-e-traficantes-em-suas-terras/
bnc_amazonas,https://bncamazonas.com.br/municipios/operacao-policial-ssp-am-rio-abacaxis/
bnc_amazonas,https://bncamazonas.com.br/ta_na_midia/policia-prende-tio-suspeito-de-estuprar-e-engravidar-sobrinha-de-10-anos/
bnc_amazonas,https://bncamazonas.com.br/municipios/seis-dos-oitos-mortos-em-nova-olinda-ja-foram-identificados/
bnc_amazonas,https://bncamazonas.com.br/ta_na_midia/policia-assassinato-pms-rio-abacaxis/
bnc_amazonas,https://bncamazonas.com.br/municipios/pm-prende-nova-olinda-tres-integrantes-organizacao-criminosa/
bnc_amazonas,https://bncamazonas.com.br/municipios/mpf-pede-que-a-policia-federal-investigue-operacao-em-nova-olinda/
bnc_amazonas,https://bncamazonas.com.br/municipios/wilson-lima-convoca-323-aprovados-em-concurso-da-policia-militar/
bnc_amazonas,https://bncamazonas.com.br/municipios/tensao-em-nova-olinda-do-norte-faz-mais-um-morto/
bnc_amazonas,https://bncamazonas.com.br/ta_na_midia/investir-protecao-meio-ambiente-previne-pandemias-diz-estudo/
bnc_amazonas,https://bncamazonas.com.br/municipios/politica-nacional-de-defesa-aponta-tensao-e-crise-por-conta-da-amazonia/
bnc_amazonas,https://bncamazonas.com.br/eca-faz-30-anos-e-reforca-a-importancia-da-uniao-de-esforcos-em-prol-das-criancas-e-adolescentes/
bnc_amazonas,https://bncamazonas.com.br/municipios/policia-prende-15-homicidas-entre-28-que-pegaram-auxilio-de-r-600/
bnc_amazonas,https://bncamazonas.com.br/ta_na_midia/justica-bloqueia-milhoes-postalis/
bnc_amazonas,https://bncamazonas.com.br/ta_na_midia/sete-cidades-do-amazonas-reforcam-combate-a-crimes-de-fronteira/
bnc_amazonas,https://bncamazonas.com.br/poder/familias-monte-horebe-aluguel-social/
bnc_amazonas,https://bncamazonas.com.br/municipios/governo-encontro-internacional-inteligencia-policial-fronteira/
bnc_amazonas,https://bncamazonas.com.br/municipios/arthur-visita-novo-arcebispo-manaus/
bnc_amazonas,https://bncamazonas.com.br/ta_na_midia/sergio-moro-lista-procurados/
bnc_amazonas,https://bncamazonas.com.br/municipios/presos-linchamento-preso-fonte-boa/
bnc_amazonas,https://bncamazonas.com.br/poder/wilson-defende-pm-arthur-irresponsavel/
bnc_amazonas,https://bncamazonas.com.br/ta_na_midia/guajajara-morto-terra-arariboia/
bnc_amazonas,https://bncamazonas.com.br/ta_na_midia/moro-balanco-justica-homicidios/
bnc_amazonas,https://bncamazonas.com.br/ta_na_midia/mortes-nove-pancadao-reacao-pm-ataque/
bnc_amazonas,https://bncamazonas.com.br/ta_na_midia/compartilhamento-dados-stf/
bnc_amazonas,https://bncamazonas.com.br/ta_na_midia/moraes-acesso-livre-dados-ministerio-publico/
bnc_amazonas,https://bncamazonas.com.br/poder/magistrados-bahia-venda-sentencas/
bnc_amazonas,https://bncamazonas.com.br/municipios/chacina-manaus-comando-bandidos/
bnc_amazonas,https://bncamazonas.com.br/rapidinhas/deputado-parabeniza-morte-de-17/
bnc_amazonas,https://bncamazonas.com.br/poder/arthur-neto-enteado/
bnc_amazonas,https://bncamazonas.com.br/municipios/servidora-seap-busca-apreensao-manaus/
bnc_amazonas,https://bncamazonas.com.br/rapidinhas/comissao-loteria-seguranca-fronteiras/
bnc_amazonas,https://bncamazonas.com.br/poder/fdn-mp-am-operacao-nacional/
bnc_amazonas,https://bncamazonas.com.br/poder/numero-homicidios-manaus-cai/
bnc_amazonas,https://bncamazonas.com.br/municipios/manaus-capitais-violentas-pais/
bnc_amazonas,https://bncamazonas.com.br/rapidinhas/bndes-pagamento-bilhoes-uniao/
bnc_amazonas,https://bncamazonas.com.br/rapidinhas/regras-trabalhistas-criacao-empregos/
bnc_amazonas,https://bncamazonas.com.br/poder/fiscais-saude-manaus-presas/
bnc_amazonas,https://bncamazonas.com.br/municipios/princesinha-do-solimoes-completa-hoje-87-anos/
bnc_amazonas,https://bncamazonas.com.br/municipios/cemiterio-indios-milicia/
bnc_amazonas,https://bncamazonas.com.br/poder/sergio-moro-visitara-o-alto-solimoes/
bnc_amazonas,https://bncamazonas.com.br/poder/comissao-direitos-humanos-presidios-am/
bnc_amazonas,https://bncamazonas.com.br/poder/prefeito-fim-das-cordialidades/
bnc_amazonas,https://bncamazonas.com.br/municipios/milicias-invasoes-manaus-presos/
bnc_amazonas,https://bncamazonas.com.br/ta_na_midia/narcoterroristas-controlam-povoado-amazonas/
bnc_amazonas,https://bncamazonas.com.br/municipios/helicoptero-desaparecido-dois-dias/
bnc_amazonas,https://bncamazonas.com.br/municipios/hospital-do-crime-emergencia-faccao/
bnc_amazonas,https://bncamazonas.com.br/ta_na_midia/organizacao-criminosa-submarino-droga/
bnc_amazonas,https://bncamazonas.com.br/poder/wilson-reforma-seria-arma-policial/
bnc_amazonas,https://bncamazonas.com.br/ta_na_midia/raposa-senado-queda-renan-braga/
bnc_amazonas,https://bncamazonas.com.br/textobr/boi-bumba-tao-profano-quanto-sagrado/
bnc_amazonas,https://bncamazonas.com.br/ta_na_midia/corrupcao-violencia-prioridades-moro/
bnc_amazonas,https://bncamazonas.com.br/a-esperanca-que-se-renova/
bnc_amazonas,https://bncamazonas.com.br/ta_na_midia/palocci-lula-zelotes-propina-leleco/
bnc_amazonas,https://bncamazonas.com.br/ta_na_midia/seguranca-presidios-rebelioes/
bnc_amazonas,https://bncamazonas.com.br/ta_na_midia/moro-lava-jato-ministerio-justica/
bnc_amazonas,https://bncamazonas.com.br/eleicoes2018/terrorismo-e-trocacao-eleicao-amazonas/
bnc_amazonas,https://bncamazonas.com.br/poder/empresarios-advogados-presos-operacao-manaus/
bnc_amazonas,https://bncamazonas.com.br/eleicoes2018/omar-traficante-foto/
bnc_amazonas,https://bncamazonas.com.br/eleicoes2018/todos-votaram-pro-temer-vao-fugir-temer/
bnc_amazonas,https://bncamazonas.com.br/poder/ministro-ajuda-de-arthur-contra-crime-norte/
bnc_amazonas,https://bncamazonas.com.br/eleicoes2018/debate-governador-minuto-a-minuto/
bnc_amazonas,https://bncamazonas.com.br/eleicoes2018/wilson-lima-no-bnc-sabatina/
bnc_amazonas,https://bncamazonas.com.br/eleicoes2018/no-segundo-turno-nao-acompanho-nem-amazonino-nem-omar-diz-david/
bnc_amazonas,https://bncamazonas.com.br/eleicoes2018/em-tempo-real-sabatina-bnc-david-almeida/
bnc_amazonas,https://bncamazonas.com.br/eleicoes2018/bandido-omar-candidato-sabatina/
bnc_amazonas,https://bncamazonas.com.br/poder/sabatina-omar-aziz-bnc/
bnc_amazonas,https://bncamazonas.com.br/eleicoes2018/candidato-do-psol-discorda-de-marielle-franco-e-defende-upps-no-am/
bnc_amazonas,https://bncamazonas.com.br/eleicoes2018/bnc-sabatina-berg-da-ugt-do-psol/
bnc_amazonas,https://bncamazonas.com.br/eleicoes2018/meu-nome-omar-futuro-governador/
bnc_amazonas,https://bncamazonas.com.br/municipios/manaus-capital-decapitacoes/
bnc_amazonas,https://bncamazonas.com.br/poder/traficantes-vacinar-arthur-seguranca-amazonino/
bnc_amazonas,https://bncamazonas.com.br/ta_na_midia/migracao-venezuelana-fronteira/
bnc_amazonas,https://bncamazonas.com.br/ta_na_midia/delegados-transferencia-lula/
bnc_amazonas,https://bncamazonas.com.br/ta_na_midia/falsas-noticias-ladmitir-erro/
bnc_amazonas,https://bncamazonas.com.br/municipios/detran-apreende-onibus-iranduba/
bnc_amazonas,https://bncamazonas.com.br/poder/omar-general-villas-boas-desmoralizar/
bnc_amazonas,https://bncamazonas.com.br/poder/crime-organizado-eleicoes-amazonas/
bnc_amazonas,https://bncamazonas.com.br/poder/arthur-provoca-alckmin-com-campanha-naofujadodebate/
bnc_amazonas,https://bncamazonas.com.br/ta_na_midia/judiciario-extradita-brasileira-para-corredor-da-morte-nos-eua/
bnc_amazonas,https://bncamazonas.com.br/poder/militar-do-exercito-e-preso-com-armamento-pesado-e-droga-no-rj/
bnc_amazonas,https://bncamazonas.com.br/ta_na_midia/ale-de-roraima-aparece-nos-r-44-bi-de-lavagem-de-dinheiro-no-pais/
bnc_amazonas,https://bncamazonas.com.br/poder/anvisa-stf-e-congresso-podem-mudar-leis-sobre-fumo-no-pais/
bnc_amazonas,https://bncamazonas.com.br/municipios/governo-lanca-projeto-piloto-de-seguranca-no-centro-da-capital/
bnc_amazonas,https://bncamazonas.com.br/ta_na_midia/venezuelanos-sao-cooptados-pelo-pcc-nos-presidios-de-roraima/
bnc_amazonas,https://bncamazonas.com.br/poder/amazonino-entrega-licencas-ambientais-e-anuncia-obras-no-sul-do-estado/
bnc_amazonas,https://bncamazonas.com.br/poder/15307/
bnc_amazonas,https://bncamazonas.com.br/poder/o-amazonino-tem-direito-a-reeleicao-afirma-bosco-saraiva/
bnc_amazonas,https://bncamazonas.com.br/municipios/pf-apreende-land-rover-camaro-e-bmw-em-casa-de-vereador-preso/
bnc_amazonas,https://bncamazonas.com.br/rapidinhas/arthur-cobra-guerra-urgente-faccoes-criminosas/
bnc_amazonas,https://bncamazonas.com.br/rapidinhas/vereador-hiran-nicolau-desmente-boatos-sobre-tiro-em-sabino/
bnc_amazonas,https://bncamazonas.com.br/municipios/tensao-na-triplice-fronteira-atrai-ministros-das-forcas-armadastensao-na-triplice-fronteira-atrai-ministros-das-forcas-armadas/
bnc_amazonas,https://bncamazonas.com.br/poder/henrique-oliveira-alega-injustica-na-cassacao-e-critica-melo-ministros-do-tse-e-braga/
bnc_amazonas,https://bncamazonas.com.br/homicidios-aumentam-mesmo-com-lei-do-desarmamento/
bnc_amazonas,https://bncamazonas.com.br/poder/deputado-quer-levar-beira-mar-marcola-e-ze-roberto-para-camara/
bnc_amazonas,https://bncamazonas.com.br/poder/falidos-presidios-sao-coisa-mais-proxima-do-inferno-afirma-melo/
bnc_amazonas,https://bncamazonas.com.br/poder/arthur-diz-que-se-ofereceu-para-ajudar-minorar-crise-nos-presidios/
bnc_amazonas,https://bncamazonas.com.br/textobr/vida-a-lei-12-781/
bnc_amazonas,https://bncamazonas.com.br/textobr/elos-da-impunidade/
bnc_amazonas,https://bncamazonas.com.br/ta_na_midia/influencers-presas-yasmim-brunet-trafico-humano/
bnc_amazonas,https://bncamazonas.com.br/municipios/apos-cinco-meses-foragida-dama-do-trafico-e-presa-em-manaus/
bnc_amazonas,https://bncamazonas.com.br/municipios/chefe-de-faccao-e-marido-da-advogada-do-trafico-e-condenado-no-amazonas/
bnc_amazonas,https://bncamazonas.com.br/municipios/narcotrafico-alimenta-crimes-ambientais-e-conflitos-agrarios-na-amazonia/
bnc_amazonas,https://bncamazonas.com.br/municipios/caso-djidja-mae-filho-namorado-viram-reus-trafico-drogas/
bnc_amazonas,https://bncamazonas.com.br/ta_na_midia/michelle-bolsonaro-critica-ministro-evento-pl-mulher/
bnc_amazonas,https://bncamazonas.com.br/municipios/dama-trafico-amazonas-scanner-revista-presidio/
bnc_amazonas,https://bncamazonas.com.br/ta_na_midia/dama-do-trafico-am-recebida-congresso-cnj/
bnc_amazonas,https://bncamazonas.com.br/brasilia/fausto-jr-leis-contra-trafico-pessoas/
bnc_amazonas,https://bncamazonas.com.br/ta_na_midia/brunet-filha-trafico-mulher/
bnc_amazonas,https://bncamazonas.com.br/rapidinhas/professor-de-anatomia-colabora-na-apuracao-do-trafico-de-orgaos-no-am/
bnc_amazonas,https://bncamazonas.com.br/poder/wilson-ministro-governo-combate/
bnc_amazonas,https://bncamazonas.com.br/municipios/moro-mortes-presidios-direitos-humanos/
bnc_amazonas,https://bncamazonas.com.br/eleicoes2018/amazonino-trafico-omar-entrevista-radio/
bnc_amazonas,https://bncamazonas.com.br/ta_na_midia/explorador-de-criancas-denunciado-por-felca-influencer-e-preso/
bnc_amazonas,https://bncamazonas.com.br/ta_na_midia/aliciada/
bnc_amazonas,https://bncamazonas.com.br/municipios/traficados-para-turquia-indigenas-estao-de-volta-ao-amazonas/
bnc_amazonas,https://bncamazonas.com.br/municipios/pf-empresario-explorar-venezuelanos-roraima/
bnc_amazonas,https://bncamazonas.com.br/ta_na_midia/rio-corpos-decapitados-e-desmembrados-explicam-legitima-defesa/
bnc_amazonas,https://bncamazonas.com.br/ta_na_midia/comando-vermelho/
bnc_amazonas,https://bncamazonas.com.br/rapidinhas/lula-cria-selo-cidade-mulher-para-municipio-que-tem-politica-publica/
bnc_amazonas,https://bncamazonas.com.br/ta_na_midia/enquanto-trump-e-bolsonaro-se-mordem-moraes-assiste-futebol/
bnc_amazonas,https://bncamazonas.com.br/municipios/caso-djidja-mae-da-seita-diz-que-vai-continuar-meditacoes-ao-sair-da-cadeia/
bnc_amazonas,https://bncamazonas.com.br/municipios/caso-djidja-justica-tira-tornozeleira-namorado-mae-filho-seguem-presos/
bnc_amazonas,https://bncamazonas.com.br/municipios/djidja-2/
bnc_amazonas,https://bncamazonas.com.br/brasilia/alberto-neto-3/
bnc_amazonas,https://bncamazonas.com.br/poder/belem/
bnc_amazonas,https://bncamazonas.com.br/rapidinhas/damares-viaja-e-quer-ser-princesa-dos-paraenses-no-marajo/
bnc_amazonas,https://bncamazonas.com.br/municipios/amazonia-drama-atalaia-do-norte-vale-do-javari/
bnc_amazonas,https://bncamazonas.com.br/municipios/governador-equipe-vale-do-javari-ministros/
bnc_amazonas,https://bncamazonas.com.br/municipios/vale-do-javari/
bnc_amazonas,https://bncamazonas.com.br/municipios/vale-do-javari-indigenas/
bnc_amazonas,https://bncamazonas.com.br/ta_na_midia/caminhoes/
bnc_amazonas,https://bncamazonas.com.br/poder/ministerio/
bnc_amazonas,https://bncamazonas.com.br/eleicoes-2022/bolsonaro-37/
bnc_amazonas,https://bncamazonas.com.br/ta_na_midia/denuncia-de-damares-sobre-criancas-do-para-tem-cara-de-fake-news/
bnc_amazonas,https://bncamazonas.com.br/municipios/para-caso-damares-mpf/
bnc_amazonas,https://bncamazonas.com.br/poder/stf-envia-pedido-de-investigacao-contra-damares-a-justica-do-para/
bnc_amazonas,https://bncamazonas.com.br/poder/aras-manaus-governador-seguranca-amazonas/
bnc_amazonas,https://bncamazonas.com.br/municipios/onu-indigenas-denunciam-governo-bolsonaro-am/
bnc_amazonas,https://bncamazonas.com.br/rapidinhas/apos-boatos-pf-nega-que-corpos-foram-encontrados-no-javari/
bnc_amazonas,https://bncamazonas.com.br/ta_na_midia/faccoes/
bnc_amazonas,https://bncamazonas.com.br/municipios/vernissage-expoe-obras-de-artistas-que-se-conectam-pela-diversidade/
bnc_amazonas,https://bncamazonas.com.br/ta_na_midia/stf-retoma-julgamento-da-letalidade-das-operacoes-policiais-do-rio-pm/
bnc_amazonas,https://bncamazonas.com.br/poder/juizes-fecham-olhos-para-agressao-e-truculencia-policiais-diz-defensoria/
bnc_amazonas,https://bncamazonas.com.br/poder/governo-concurso-seguranca-am/
bnc_amazonas,https://bncamazonas.com.br/ta_na_midia/associacao-de-imprensa-pede-afastamento-de-aras-por-proteger-bolsonaro/
bnc_amazonas,https://bncamazonas.com.br/municipios/biologo-denuncia-que-funai-o-obrigou-a-levar-missionario-a-indigenas-no-am/
bnc_amazonas,https://bncamazonas.com.br/municipios/entidades-denunciam-massacre-operacao-policial-em-nova-olinda/
bnc_amazonas,https://bncamazonas.com.br/rapidinhas/ossada-humana-e-achada-pela-pf-em-nova-olinda-do-norte/
bnc_amazonas,https://bncamazonas.com.br/municipios/operacao-policial-ssp-am-rio-abacaxis/
bnc_amazonas,https://bncamazonas.com.br/municipios/mpf-pede-que-a-policia-federal-investigue-operacao-em-nova-olinda/
bnc_amazonas,https://bncamazonas.com.br/poder/governo-41-milhoes-equipamentos-ssp/
bnc_amazonas,https://bncamazonas.com.br/ta_na_midia/mortes-nove-pancadao-reacao-pm-ataque/
bnc_amazonas,https://bncamazonas.com.br/municipios/sinodo-resistencia-amazonia-bispo/
bnc_amazonas,https://bncamazonas.com.br/municipios/manaus-capitais-violentas-pais/
bnc_amazonas,https://bncamazonas.com.br/municipios/ouro-destruicao-amazonia/
bnc_amazonas,https://bncamazonas.com.br/rapidinhas/relator-previdencia-vantagem-professores/
bnc_amazonas,https://bncamazonas.com.br/municipios/operacao-barcos-criancas-parintins/
bnc_amazonas,https://bncamazonas.com.br/rapidinhas/missao-oficial-da-camara-compaj-cdpm/
bnc_amazonas,https://bncamazonas.com.br/ta_na_midia/moro-investigacao-massacre-presos-fdn/
bnc_amazonas,https://bncamazonas.com.br/poder/comissao-direitos-humanos-presidios-am/
bnc_amazonas,https://bncamazonas.com.br/poder/prefeito-fim-das-cordialidades/
bnc_amazonas,https://bncamazonas.com.br/municipios/carta-manaus-presidente-bolsonaro/
bnc_amazonas,https://bncamazonas.com.br/municipios/adail-filho-ronda-coari-cameras/
bnc_amazonas,https://bncamazonas.com.br/eleicoes2018/amazonino-ganha-tempo-de-omar/
bnc_amazonas,https://bncamazonas.com.br/ta_na_midia/mundo-brasileiro-discursa-temer-onu/
bnc_amazonas,https://bncamazonas.com.br/ta_na_midia/portaria-empresas-contratarem-presos/
bnc_amazonas,https://bncamazonas.com.br/eleicoes2018/todos-votaram-pro-temer-vao-fugir-temer/
bnc_amazonas,https://bncamazonas.com.br/eleicoes2018/wilson-lima-no-bnc-sabatina/
bnc_amazonas,https://bncamazonas.com.br/eleicoes2018/candidato-do-psol-discorda-de-marielle-franco-e-defende-upps-no-am/
bnc_amazonas,https://bncamazonas.com.br/ta_na_midia/migracao-venezuelana-fronteira/
bnc_amazonas,https://bncamazonas.com.br/ta_na_midia/brasileiros-barrados-portugal/
bnc_amazonas,https://bncamazonas.com.br/ta_na_midia/falsas-noticias-ladmitir-erro/
bnc_amazonas,https://bncamazonas.com.br/municipios/ato-publico-no-centro-de-manaus-pede-fim-da-violencia-contra-a-mulher/
bnc_amazonas,https://bncamazonas.com.br/ta_na_midia/mp-pede-revogacao-da-portaria-de-regras-do-trabalho-escravo/
bnc_amazonas,https://bncamazonas.com.br/ta_na_midia/sem-vigilancia-tabatinga-agora-e-quintal-da-fdn-constata-bbc/
bnc_amazonas,https://bncamazonas.com.br/poder/falidos-presidios-sao-coisa-mais-proxima-do-inferno-afirma-melo/
bnc_amazonas,https://bncamazonas.com.br/poder/arthur-diz-que-se-ofereceu-para-ajudar-minorar-crise-nos-presidios/
bnc_amazonas,https://bncamazonas.com.br/textobr/e-hora-de-emborcar-o-cocho/
