title,collected_date,published_date,tags,image_urls,urls,article_url
O que se sabe sobre operação da PF que investiga suspeita de tráfico de pessoas em um cruzeiro,2026-05-18 18:00:10,,,[],['https://www.cartacapital.com.br/tag/policia-federal/'],https://www.cartacapital.com.br/sociedade/o-que-se-sabe-sobre-operacao-da-pf-que-investiga-suspeita-de-trafico-de-pessoas-em-um-cruzeiro/
Meta é processada por ‘fechar os olhos’ para tráfico de pessoas no Facebook e Instagram,2026-05-18 18:00:12,,,[],"['https://www.cartacapital.com.br/tag/meta/', 'https://www.cartacapital.com.br/tag/facebook/', 'https://www.cartacapital.com.br/tag/instagram/', 'https://www.cartacapital.com.br/tag/mark-zuckerberg/']",https://www.cartacapital.com.br/tecnologia/meta-e-processada-por-fechar-os-olhos-para-trafico-de-pessoas-no-facebook-e-instagram/
Volkswagen é acusada de ‘escravidão’ e ‘tráfico de pessoas’ durante a ditadura no Brasil,2026-05-18 18:00:15,,,[],"['https://www.cartacapital.com.br/tag/volkswagen', 'https://www.cartacapital.com.br/tag/ditadura-militar', 'https://www.cartacapital.com.br/sociedade/volkswagen-reconhece-cumplicidade-com-repressao-durante-ditadura-no-brasil-e-fecha-acordo-com-mpf/']",https://www.cartacapital.com.br/sociedade/volkswagen-e-acusada-de-escravidao-e-trafico-de-pessoas-durante-a-ditadura-no-brasil/
MPT recebe mais de 6 mil denúncias de escravidão e tráfico de pessoas,2026-05-18 18:00:17,,,[],"['https://www.cartacapital.com.br/sociedade/familia-usou-pensao-de-mulher-escravizada-para-pagar-curso-de-medicina/', 'https://youtu.be/22Wnkd0dYuU', 'http://www.mpt.mp.br']",https://www.cartacapital.com.br/sociedade/mpt-recebe-mais-de-6-mil-denuncias-de-escravidao-e-trafico-de-pessoas/
Tráfico de pessoas dispara no Uruguai,2026-05-18 18:00:19,,,[],"['../../internacional/chile-condena-militares-por-morte-de-opositores-em-1973', '../../sociedade/venezuelanos-em-roraima-sao-vitimas-de-exploracao', '../../internacional/uruguai-oasis-de-tranquilidade-no-turbulento-cone-sul', '../../sociedade/o-combate-ao-abuso-e-a-exploracao-de-criancas-e-as-feridas-invisiveis', '../../internacional/nova-constituicao-cubana-elimina-termo-201ccomunismo201d', 'https://www.afp.com/pt']",https://www.cartacapital.com.br/mundo/correntes-invisiveis-o-trafico-de-pessoas-dispara-no-uruguai/
A invisível realidade do tráfico de pessoas,2026-05-18 18:00:22,,,[],[],https://www.cartacapital.com.br/sociedade/a-invisivel-realidade-do-trafico-de-pessoas/
Governo lança novo plano para combater o tráfico de pessoas,2026-05-18 18:00:23,,,[],[],https://www.cartacapital.com.br/sociedade/governo-lanca-novo-plano-para-combater-o-trafico-de-pessoas/
CPI do Tráfico de Pessoas convoca acusados de pertencer a quadrilha internacional,2026-05-18 18:00:25,,,[],[],https://www.cartacapital.com.br/sociedade/cpi-do-trafico-de-pessoas-convoca-acusados-de-pertencer-a-quadrilha-internacional/
CPI do Tráfico de Pessoas termina com proposta de punições mais rígidas,2026-05-18 18:00:26,,,[],['http://agenciabrasil.ebc.com.br/noticia/2012-12-19/cpi-do-trafico-de-pessoas-termina-com-proposta-de-punicoes-mais-rigidas'],https://www.cartacapital.com.br/politica/cpi-do-trafico-de-pessoas-termina-com-proposta-de-punicoes-mais-rigidas/
CPI do Tráfico de Pessoas termina com proposta de punições mais rígidas,2026-05-18 18:00:27,,,[],['http://agenciabrasil.ebc.com.br/noticia/2012-12-19/cpi-do-trafico-de-pessoas-termina-com-proposta-de-punicoes-mais-rigidas'],https://www.cartacapital.com.br/politica/cpi-do-trafico-de-pessoas-termina-com-proposta-de-punicoes-mais-rigidas/
Julgamento de Evo Morales por suposto tráfico de menor é suspenso na Bolívia,2026-05-18 18:00:30,,,[],"['https://www.cartacapital.com.br/tag/evo-morales/', 'https://www.cartacapital.com.br/tag/bolivia/', 'https://www.cartacapital.com.br/mundo/justica-da-bolivia-convoca-evo-morales-para-julgamento/']",https://www.cartacapital.com.br/mundo/julgamento-de-evo-morales-por-suposto-trafico-de-menor-e-suspenso-na-bolivia/
EUA diz ter matado 2 pessoas em ataque a supostas ‘narcolanchas’,2026-05-18 18:00:31,,,[],['https://www.cartacapital.com.br/justica/nao-existe-narcoterrorismo-no-brasil/'],https://www.cartacapital.com.br/mundo/eua-diz-ter-matado-2-pessoas-em-ataque-a-supostas-narcolanchas/
Novo ataque dos EUA contra suposta lancha do tráfico no Caribe deixa 3 mortos,2026-05-18 18:00:32,,,[],['https://www.cartacapital.com.br/mundo/na-onu-venezuela-pede-a-libertacao-de-maduro/'],https://www.cartacapital.com.br/mundo/novo-ataque-dos-eua-contra-suposta-lancha-do-trafico-no-caribe-deixa-3-mortos/
Novo ataque dos EUA contra suposta lancha do narcotráfico no Pacífico deixa 2 mortos,2026-05-18 18:00:33,,,[],"['https://www.cartacapital.com.br/mundo/piratas-do-caribe/', 'https://www.cartacapital.com.br/mundo/onu-denuncia-execucoes-extrajudiciais-nos-ataques-dos-eua-a-embarcacoes-no-caribe-e-pacifico/']",https://www.cartacapital.com.br/mundo/novo-ataque-dos-eua-contra-suposta-lancha-do-narcotrafico-no-pacifico-deixa-2-mortos/
PF faz operação para combater o tráfico de cocaína do PCC,2026-05-18 18:00:34,,,[],['https://www.cartacapital.com.br/sociedade/delegada-recem-empossada-e-presa-sob-suspeita-de-envolvimento-com-o-pcc/'],https://www.cartacapital.com.br/sociedade/pf-faz-operacao-para-combater-o-trafico-de-cocaina-do-pcc/
Espanha desmantela rede de tráfico de cocaína colombiana ligada ao cartel dos Bálcãs,2026-05-18 18:00:36,,,[],[],https://www.cartacapital.com.br/mundo/espanha-desmantela-rede-de-trafico-de-cocaina-colombiana-ligada-ao-cartel-dos-balcas/
EUA atacam três embarcações e matam oito pessoas no Pacífico,2026-05-18 18:00:37,,,[],"['https://www.cartacapital.com.br/tag/estados-unidos/', 'https://www.cartacapital.com.br/mundo/nascido-para-matar/', 'https://www.cartacapital.com.br/mundo/trump-quer-controle-da-america-latina-e-militarizacao-leia-plano-completo/', 'https://www.cartacapital.com.br/tag/nicolas-maduro/']",https://www.cartacapital.com.br/mundo/eua-atacam-tres-embarcacoes-e-matam-oito-pessoas-no-pacifico/
Trump anuncia perdão a ex-presidente de Honduras preso por narcotráfico,2026-05-18 18:00:38,,,[],[],https://www.cartacapital.com.br/mundo/trump-anuncia-perdao-a-ex-presidente-de-honduras-preso-por-narcotrafico/
EUA matam mais 14 pessoas em novo ataque contra embarcações no Pacífico,2026-05-18 18:00:40,,,[],"['https://www.cartacapital.com.br/mundo/eua-matam-mais-6-pessoas-em-novo-ataque-contra-embarcacoes-no-caribe/', 'https://www.cartacapital.com.br/mundo/bombardeiros-americanos-b-1b-sobrevoam-o-litoral-da-venezuela-aponta-rastreador-de-voos/', 'https://www.cartacapital.com.br/mundo/venezuela-suspende-acordo-com-trinidad-e-tobago-apos-exercicios-militares-com-eua/', 'https://www.cartacapital.com.br/mundo/estao-inventando-uma-guerra-diz-maduro-sobre-mobilizacao-militar-dos-eua/']",https://www.cartacapital.com.br/mundo/eua-matam-mais-14-pessoas-em-novo-ataque-contra-embarcacoes-no-pacifico/
EUA matam mais 6 pessoas em novo ataque contra embarcações no Caribe,2026-05-18 18:00:42,,,[],"['https://www.cartacapital.com.br/politica/flavio-bolsonaro-sugere-que-governo-trump-ataque-embarcacoes-na-costa-do-brasil/', 'https://www.cartacapital.com.br/mundo/colombia-pede-aos-eua-que-cessem-ataques-contra-embarcacoes/', 'https://www.cartacapital.com.br/mundo/colombia-acusa-eua-de-cometer-execucoes-extrajudiciais-em-aguas-internacionais/', 'https://www.cartacapital.com.br/mundo/apos-ameacas-dos-eua-maduro-pede-que-nao-haja-guerra-maluca/', 'https://www.cartacapital.com.br/mundo/como-a-cia-opera-na-america-latina/', 'https://www.cartacapital.com.br/opiniao/trump-e-a-operacao-condor/']",https://www.cartacapital.com.br/mundo/eua-matam-mais-6-pessoas-em-novo-ataque-contra-embarcacoes-no-caribe/
EUA atacam suposta lancha do narcotráfico perto da Venezuela; quatro morrem,2026-05-18 18:00:43,,,[],"['https://t.co/QpNPljFcGn', 'https://twitter.com/SecWar/status/1974150886084485503?ref_src=twsrc%5Etfw']",https://www.cartacapital.com.br/mundo/eua-atacam-suposta-lancha-do-narcotrafico-perto-da-venezuela-quatro-morrem/
Homem é morto pela polícia após esfaquear várias pessoas na França,2026-05-18 18:00:45,,,[],[],https://www.cartacapital.com.br/mundo/homem-e-morto-pela-policia-apos-esfaquear-varias-pessoas-na-franca/
Polícia Civil desarticula organização que dominava o tráfico nas ilhas e zona norte de Porto Alegre,2026-05-18 18:00:46,,,[],['https://www.cartacapital.com.br/sociedade/apos-tentativa-de-prisao-policia-do-rj-vai-indiciar-oruam-por-ligacao-com-o-comando-vermelho/'],https://www.cartacapital.com.br/cartaexpressa/policia-civil-desarticula-organizacao-que-dominava-o-trafico-nas-ilhas-e-zona-norte-de-porto-alegre/
Sean ‘Diddy’ Combs é absolvido das acusações de tráfico sexual e associação ilícita,2026-05-18 18:00:49,,,[],['https://www.cartacapital.com.br/tag/sean-diddy-combs/'],https://www.cartacapital.com.br/mundo/sean-diddy-combs-e-absolvido-das-acusacoes-de-trafico-sexual-e-associacao-ilicita/
Polícia desmantela rede de tráfico de cocaína entre Brasil e França,2026-05-18 18:00:50,,,[],[],https://www.cartacapital.com.br/mundo/policia-desmantela-rede-de-trafico-de-cocaina-entre-brasil-e-franca/
Nikolas rompe silêncio sobre a prisão do primo por tráfico e critica oposição,2026-05-18 18:00:52,,,[],"['https://www.cartacapital.com.br/tag/nikolas-ferreira/', 'https://www.cartacapital.com.br/politica/deputados-ironizam-nikolas-ferreira-apos-prisao-de-primo-por-trafico/']",https://www.cartacapital.com.br/cartaexpressa/nikolas-rompe-silencio-sobre-a-prisao-do-primo-por-trafico-e-critica-oposicao/
"Mais de 100 mil presos por tráfico de drogas poderiam ter pena reduzida, aponta o CNJ",2026-05-18 18:00:53,,,[],"['https://www.cartacapital.com.br/tag/cnj/', 'https://www.cartacapital.com.br/tag/trafico-de-drogas/', 'https://www.cartacapital.com.br/sociedade/menos-vagas-mais-detentos-o-que-os-dados-do-cnj-revelam-sobre-a-realidade-dos-presidios-brasileiros/#:~:text=Praticamente%20metade%20dos%20pres%C3%ADdios%20(48,da%20CartaCapital%20no%20seu%20WhatsApp!', 'https://www.planalto.gov.br/ccivil_03/_ato2004-2006/2006/lei/l11343.htm', 'https://www.cartacapital.com.br/tag/crime-organizado/', 'https://www.cartacapital.com.br/wp-content/uploads/2025/05/2025-05-05-boletim-trafico-privilegiado-final.pdf']",https://www.cartacapital.com.br/justica/mais-de-100-mil-presos-por-trafico-de-drogas-poderiam-ter-pena-reduzida-aponta-o-cnj/
PF repatria bebê que estava em Portugal e foi vítima de tráfico humano,2026-05-18 18:00:54,,,[],"['https://www.cartacapital.com.br/tag/policia-federal/', 'https://www.cartacapital.com.br/tag/portugal/', 'https://www.cartacapital.com.br/tag/mpf/', 'https://www.cartacapital.com.br/tag/trafico-humano/']",https://www.cartacapital.com.br/justica/pf-repatria-bebe-que-estava-em-portugal-e-foi-vitima-de-trafico-humano/
MP denuncia cinco pessoas por suposta organização que criminosa movimentou mais de R$80 mi em SP,2026-05-18 18:00:55,,,[],['https://www.cartacapital.com.br/tag/trafico-de-drogas/'],https://www.cartacapital.com.br/cartaexpressa/mp-denuncia-cinco-pessoas-por-suposta-organizacao-criminosa-movimentou-mais-de-r80-mi-em-sp/
Operação da PF mira organização especializada em tráfico internacional de armas,2026-05-18 18:00:56,,,[],"['https://www.cartacapital.com.br/justica/a-vida-imita-hollywood/', 'https://www.cartacapital.com.br/politica/pf-manda-ao-stf-imagens-e-depoimentos-obtidos-nos-eua-sobre-o-escandalo-das-joias/', 'https://www.cartacapital.com.br/cartaexpressa/policia-do-rio-deflagra-megaoperacao-contra-o-comando-vermelho-no-alemao/', 'https://www.cartacapital.com.br/sociedade/mais-de-90-dos-fuzis-apreendidos-no-rj-em-2023-eram-importados/']",https://www.cartacapital.com.br/sociedade/operacao-da-pf-mira-organizacao-especializada-em-trafico-internacional-de-armas/
STF perdoa a pena de condenado por tráfico privilegiado,2026-05-18 18:00:58,,,[],"['https://www.cartacapital.com.br/tag/stf/', 'https://www.cartacapital.com.br/tag/sao-paulo/', 'https://www.cartacapital.com.br/politica/lula-assina-decreto-de-indulto-natalino-e-condenados-pelo-8-de-janeiro-ficam-de-fora/', 'https://www.cartacapital.com.br/tag/carmen-lucia/']",https://www.cartacapital.com.br/justica/stf-perdoa-a-pena-de-condenado-por-trafico-privilegiado/
"Procuradoria dos EUA divulga documentos sobre o caso Epstein, magnata acusado de liderar rede de tráfico sexual",2026-05-18 18:00:59,,,[],"['https://www.cartacapital.com.br/tag/jeffrey-epstein/', 'https://www.cartacapital.com.br/mundo/bilionario-americano-amigo-de-trump-e-acusado-de-trafico-sexual/', 'https://www.cartacapital.com.br/tag/donald-trump/']",https://www.cartacapital.com.br/mundo/procuradoria-dos-eua-divulga-documentos-sobre-o-caso-epstein-magnata-acusado-de-liderar-rede-de-trafico-sexual/
PF desarticula grupo que enviava ilegalmente pessoas aos EUA,2026-05-18 18:01:00,,,[],"['https://www.cartacapital.com.br/sociedade/novo-voo-de-deportados-dos-eua-chega-ao-brasil-nesta-sexta-feira/', 'https://www.cartacapital.com.br/sociedade/por-que-regiao-de-mg-se-tornou-exportadora-de-migrantes/', 'https://www.cartacapital.com.br/sociedade/brasileiros-resgatados-em-mianmar-chegam-em-guarulhos/']",https://www.cartacapital.com.br/sociedade/pf-desarticula-grupo-que-enviava-ilegalmente-pessoas-aos-eua/
Presidenta do México diz que não tolerará ‘invasão’ dos EUA em luta contra narcotráfico,2026-05-18 18:01:01,,,[],"['https://www.cartacapital.com.br/tag/claudia-sheinbaum/', 'https://www.cartacapital.com.br/tag/estados-unidos/']",https://www.cartacapital.com.br/mundo/presidenta-do-mexico-diz-que-nao-tolerara-invasao-dos-eua-em-luta-contra-narcotrafico/
Ataque armado em porto do Equador assolado pelo tráfico deixa sete mortos,2026-05-18 18:01:02,,,[],['https://www.cartacapital.com.br/tag/equador/'],https://www.cartacapital.com.br/mundo/ataque-armado-em-porto-do-equador-assolado-pelo-trafico-deixa-sete-mortos/
Bolívia: Juiz ordena a prisão de Evo Morales por suposto tráfico de menor,2026-05-18 18:01:04,,,[],['https://www.cartacapital.com.br/tag/evo-morales/'],https://www.cartacapital.com.br/mundo/bolivia-juiz-ordena-a-prisao-de-evo-morales-por-suposto-trafico-de-menor/
Megaoperação contra o Comando Vermelho no Alemão deixa 3 mortos e prende 12 pessoas,2026-05-18 18:01:05,,,[],"['https://www.cartacapital.com.br/tag/rio-de-janeiro/', 'https://www.cartacapital.com.br/tag/comando-vermelho/']",https://www.cartacapital.com.br/cartaexpressa/policia-do-rio-deflagra-megaoperacao-contra-o-comando-vermelho-no-alemao/
Operação contra grupo responsável por anabolizantes clandestinos prende 14 pessoas,2026-05-18 18:01:06,,,[],"['https://www.cartacapital.com.br/tag/ministerio-publico-do-rio-de-janeiro/', 'https://www.cartacapital.com.br/tag/rio-de-janeiro/']",https://www.cartacapital.com.br/sociedade/operacao-contra-grupo-responsavel-por-anabolizantes-clandestinos-prende-14-pessoas/
O que se sabe sobre o caso dos brasileiros vítimas de tráfico humano em Mianmar,2026-05-18 18:01:07,,,[],['https://www.cartacapital.com.br/tag/mianmar/'],https://www.cartacapital.com.br/sociedade/o-que-se-sabe-sobre-o-caso-de-brasileiros-vitimas-de-trafico-humano-em-mianmar/
Operação da Interpol contra o tráfico de seres humanos prende mais 2.500,2026-05-18 18:01:08,,,[],"['https://www.cartacapital.com.br/tag/interpol/', 'https://www.cartacapital.com.br/tag/trafico-humano/', 'https://www.cartacapital.com.br/tag/argentina/', 'https://www.cartacapital.com.br/tag/iraque/', 'https://www.cartacapital.com.br/tag/oriente-medio/', 'https://www.cartacapital.com.br/tag/filipinas/', 'https://www.cartacapital.com.br/mundo/o-lucrativo-e-mortal-trafico-de-migrantes-no-mexico/', 'https://www.cartacapital.com.br/tag/estados-unidos/', 'https://www.cartacapital.com.br/mundo/assembleia-geral-da-interpol-confirma-nomeacao-de-delegado-brasileiro-como-chefe-da-organizacao/']",https://www.cartacapital.com.br/mundo/operacao-da-interpol-contra-o-trafico-de-seres-humanos-prende-mais-2-500/
Sede de jornal mexicano é atacada a tiros em meio a guerra do narcotráfico,2026-05-18 18:01:09,,,[],['https://www.cartacapital.com.br/tag/mexico/'],https://www.cartacapital.com.br/mundo/sede-de-jornal-mexicano-e-atacada-a-tiros-em-meio-a-guerra-do-narcotrafico/
"Novo massacre deixa 7 mortos no Equador, assolado pela violência do narcotráfico",2026-05-18 18:01:11,,,[],"['https://www.cartacapital.com.br/tag/equador/', 'https://www.cartacapital.com.br/tag/daniel-noboa/']",https://www.cartacapital.com.br/mundo/novo-massacre-deixa-7-mortos-no-equador-assolado-pela-violencia-do-narcotrafico/
"Bolsonaro jamais apoiaria ‘alguém envolvido com pessoas ligadas ao PCC’, diz Nunes",2026-05-18 18:01:12,,,[],"['https://www.cartacapital.com.br/tag/ricardo-nunes/', 'https://www.cartacapital.com.br/tag/pablo-marcal/', 'https://www.cartacapital.com.br/tag/jair-bolsonaro/', 'https://www.cartacapital.com.br/politica/nunes-patina-e-marcal-avanca-sobre-eleitores-de-bolsonaro-em-sao-paulo/', 'https://www.cartacapital.com.br/tag/leonardo-avalanche/', 'https://www.cartacapital.com.br/politica/ameaca-de-morte-fraude-e-coacao-as-novas-acusacoes-contra-o-presidente-do-partido-de-pablo-marcal/', 'https://www.cartacapital.com.br/politica/em-novo-video-tabata-liga-pablo-marcal-e-aliados-ao-pcc-assista/']",https://www.cartacapital.com.br/cartaexpressa/bolsonaro-jamais-apoiaria-alguem-envolvido-com-pessoas-ligadas-ao-pcc-diz-nunes/
O lucrativo e mortal tráfico de migrantes no México,2026-05-18 18:01:13,,,[],"['https://www.cartacapital.com.br/mundo/mexico-pede-aos-eua-que-regule-a-venda-de-armas-apos-atentado-contra-trump/', 'https://www.cartacapital.com.br/mundo/republicanos-destituem-secretario-de-seguranca-interna-de-biden-por-crise-na-fronteira/', 'https://www.cartacapital.com.br/mundo/naufragio-na-mauritania-deixa-165-migrantes-desaparecidos/', 'https://www.cartacapital.com.br/mundo/pf-deflagra-operacao-contra-migracao-ilegal-para-os-estados-unidos/']",https://www.cartacapital.com.br/mundo/o-lucrativo-e-mortal-trafico-de-migrantes-no-mexico/
Homens e negros são as principais vítimas de tráfico humano no Brasil,2026-05-18 18:01:14,,,[],"['https://www.cartacapital.com.br/?s=tr%C3%A1fico+humano', 'https://www.cartacapital.com.br/?s=minist%C3%A9rio+da+justi%C3%A7a', 'https://www.cartacapital.com.br/?s=trabalho+escravo', 'https://www.cartacapital.com.br/wp-content/uploads/2024/07/cartilha-iv-plano-nacional-de-enfrentamento-ao-trafico-de-pessoas-4.pdf']",https://www.cartacapital.com.br/sociedade/homens-e-negros-sao-as-principais-vitimas-de-trafico-humano-no-brasil/
"Liberar porte de 25g de maconha tiraria 42 mil pessoas da prisão, aponta Ipea",2026-05-18 18:01:15,,,[],"['https://www.cartacapital.com.br/tag/maconha/', 'https://www.cartacapital.com.br/sociedade/atlas-da-violencia-em-2022-agressao-sexual-correspondeu-a-metade-dos-casos-de-violencia-contra-meninas-entre-10-e-14-anos/', 'https://www.cartacapital.com.br/tag/ipea/', 'https://www.cartacapital.com.br/justica/apos-descriminalizacao-entenda-o-que-falta-o-stf-decidir-sobre-o-porte-de-maconha/', 'https://www.cartacapital.com.br/justica/stf-retoma-o-julgamento-sobre-porte-de-maconha-assista-ao-vivo/']",https://www.cartacapital.com.br/cartaexpressa/liberar-porte-de-25g-de-maconha-tiraria-42-mil-pessoas-da-prisao-aponta-ipea/
Europol desmantela vasta rede de tráfico de cocaína do Brasil para a Europa,2026-05-18 18:01:16,,,[],"['https://www.rfi.fr/br/tag/europol/', 'https://www.rfi.fr/br/tag/can%C3%A1rias/']",https://www.cartacapital.com.br/mundo/europol-desmantela-vasta-rede-de-trafico-de-cocaina-do-brasil-para-a-europa/
Operação prende sete por suspeita de tráfico internacional de THC,2026-05-18 18:01:18,,,[],"['https://www.cartacapital.com.br/tag/distrito-federal/', 'https://www.cartacapital.com.br/tag/rio-de-janeiro/', 'https://www.cartacapital.com.br/tag/sao-paulo/', 'https://www.cartacapital.com.br/tag/maconha/', 'https://www.cartacapital.com.br/tag/trafico-internacional-de-drogas/', 'https://www.cartacapital.com.br/tag/estados-unidos/', 'https://www.cartacapital.com.br/tag/anvisa/', 'https://www.cartacapital.com.br/tag/reconhecimento-facial/']",https://www.cartacapital.com.br/sociedade/operacao-prende-sete-por-suspeita-de-trafico-internacional-de-thc/
Polícia prendeu 14 pessoas durante a busca por fugitivos de Mossoró; relembre os casos,2026-05-18 18:01:19,,,[],"['https://www.cartacapital.com.br/sociedade/pf-recaptura-os-dois-fugitivos-da-penitenciaria-federal-de-mossoro/', 'https://www.cartacapital.com.br/cartaexpressa/1600-km-tres-estados-o-trajeto-dos-fugitivos-de-mossoro-em-50-dias-de-fuga/', 'https://www.cartacapital.com.br/sociedade/o-que-se-sabe-sobre-a-fuga-em-um-presidio-de-seguranca-maxima-no-rio-grande-do-norte/', 'https://www.cartacapital.com.br/cartaexpressa/policia-prende-irmao-de-fugitivo-da-penitenciaria-federal-de-mossoro/', 'https://www.cartacapital.com.br/cartaexpressa/pf-prende-suspeitos-de-ajudar-os-fugitivos-do-presidio-federal-de-mossoro/', 'https://www.cartacapital.com.br/justica/pf-prende-homem-que-abrigou-fugitivos-do-presidio-de-mossoro-por-8-dias/', 'https://www.cartacapital.com.br/sociedade/pf-prende-mais-um-suspeito-de-auxiliar-auxiliar-a-fuga-de-presos-de-mossoro/', 'https://www.cartacapital.com.br/sociedade/policia-apreende-fuzil-celulares-e-dinheiro-com-fugitivos-de-mossoro/', 'https://www.cartacapital.com.br/justica/fugitivos-de-mossoro-tiveram-ajuda-de-faccao-e-iriam-para-o-exterior-diz-lewandowski/', 'https://www.cartacapital.com.br/tag/ricardo-lewandowski/', 'https://www.cartacapital.com.br/tag/comando-vermelho/?utm_source=cartacapital.com.br&utm_medium=tags&utm_content=Comando%20Vermelho']",https://www.cartacapital.com.br/justica/policia-prendeu-14-pessoas-durante-a-busca-por-fugitivos-de-mossoro-relembre-os-casos/
Ex-presidente de Honduras é declarado culpado de narcotráfico pela Justiça dos EUA,2026-05-18 18:01:20,,,[],"['https://www.cartacapital.com.br/tag/Juan-Orlando-Hernandez/', 'https://www.cartacapital.com.br/tag/narcotrafico/', 'https://www.cartacapital.com.br/tag/estados-unidos/', 'https://www.cartacapital.com.br/tag/Donald-Trump/']",https://www.cartacapital.com.br/mundo/ex-presidente-de-honduras-e-declarado-culpado-de-narcotrafico-pela-justica-dos-eua/
Juízes e políticos do Equador presos por supostos vínculos com narcotráfico,2026-05-18 18:01:21,,,[],"['https://www.cartacapital.com.br/?s=equador', 'https://www.cartacapital.com.br/mundo/equador-prende-9-mil-em-43-dias-de-conflito-armado/', 'https://www.cartacapital.com.br/?s=daniel+noboa']",https://www.cartacapital.com.br/mundo/juizes-e-politicos-do-equador-presos-por-supostos-vinculos-com-narcotrafico/
Justiça de São Paulo recebe denúncia contra Cariani por suspeita de tráfico de drogas,2026-05-18 18:01:23,,,[],"['https://www.cartacapital.com.br/tag/sao-paulo/', 'https://www.cartacapital.com.br/tag/renato-cariani']",https://www.cartacapital.com.br/justica/justica-de-sao-paulo-recebe-denuncia-contra-cariani-por-suspeita-de-trafico-de-drogas/
Operação da PF investiga tráfico internacional e adoção clandestina de crianças brasileiras em países europeus,2026-05-18 18:01:25,,,[],['https://www.cartacapital.com.br/tag/policia-federal/'],https://www.cartacapital.com.br/cartaexpressa/operacao-da-pf-investiga-trafico-internacional-e-adocao-clandestina-de-criancas-brasileiras-em-paises-europeus/
Acusações de tráfico são baseadas em ações sem mandado em residências,2026-05-18 18:01:27,,,[],"['https://www.cartacapital.com.br/?s=tr%C3%A1fico+de+drogas', 'https://www.cartacapital.com.br/?s=fgv', 'https://www.cartacapital.com.br/?s=racismo']",https://www.cartacapital.com.br/politica/acusacoes-de-trafico-sao-baseadas-em-acoes-sem-mandado-em-residencias/
A reação do influencer Renato Cariani após ser indiciado por tráfico de drogas,2026-05-18 18:01:28,,,[],"['https://www.cartacapital.com.br/justica/influencer-renato-cariani-e-indiciado-por-trafico-de-drogas-e-outros-crimes/', 'https://www.cartacapital.com.br/?s=cariani', 'https://www.cartacapital.com.br/justica/influenciador-e-alvo-de-operacao-da-pf-contra-trafico-e-desvio-de-quimicos-para-a-producao-de-crack/', 'https://www.cartacapital.com.br/justica/deposito-em-dinheiro-vivo-desencadeou-investigacao-contra-empresa-de-renato-cariani/']",https://www.cartacapital.com.br/sociedade/a-reacao-do-influencer-renato-cariani-apos-ser-indiciado-por-trafico-de-drogas/
O que se sabe sobre a operação contra tráfico que teve como alvo Renato Cariani,2026-05-18 18:01:29,,,[],['https://www.cartacapital.com.br/tag/policia-federal/'],https://www.cartacapital.com.br/justica/influenciador-e-alvo-de-operacao-da-pf-contra-trafico-e-desvio-de-quimicos-para-a-producao-de-crack/
Mais de 200 pessoas condenadas na Itália em julgamento contra a máfia,2026-05-18 18:01:31,,,[],['https://www.cartacapital.com.br/tag/italia/'],https://www.cartacapital.com.br/mundo/mais-de-200-pessoas-condenadas-na-italia-em-julgamento-contra-a-mafia/
Ministério da Justiça muda regras de acesso à pasta após visita da ‘dama do tráfico’,2026-05-18 18:01:32,,,[],"['https://www.cartacapital.com.br/?s=minist%C3%A9rio+da+justi%C3%A7a', 'https://www.cartacapital.com.br/tag/elias-vaz/', 'https://www.cartacapital.com.br/politica/erro-meu-nao-ter-feito-verificacao-mais-profunda-diz-secretario-sobre-dama-do-trafico-em-reuniao/', 'https://www.cartacapital.com.br/wp-content/uploads/2023/11/PORTARIA-Nº-1601-DE-13-DE-NOVEMBRO-DE-2023.pdf']",https://www.cartacapital.com.br/politica/ministerio-da-justica-muda-regras-de-acesso-a-pasta-apos-visita-da-dama-do-trafico/
"‘Erro meu não ter feito verificação mais profunda’, diz secretário sobre ‘dama do tráfico’ em reunião",2026-05-18 18:01:33,,,[],"['https://www.cartacapital.com.br/?s=eliaz+vaz', 'https://www.cartacapital.com.br/?s=dino', 'https://www.cartacapital.com.br/politica/o-que-diz-o-secretario-do-ministerio-da-justica-sobre-a-presenca-da-dama-do-trafico-amazonense-em-uma-reuniao/']",https://www.cartacapital.com.br/politica/erro-meu-nao-ter-feito-verificacao-mais-profunda-diz-secretario-sobre-dama-do-trafico-em-reuniao/
Rio vai à Justiça para impedir a volta de chefões do tráfico ao estado,2026-05-18 18:01:34,,,[],"['https://www.cartacapital.com.br/tag/rio-de-janeiro/', 'https://www.cartacapital.com.br/tag/claudio-castro/', 'https://www.cartacapital.com.br/tag/ricardo-cappelli/', 'https://twitter.com/RicardoCappelli/status/1716840454090612916?ref_src=twsrc%5Etfw', 'https://www.cartacapital.com.br/cartaexpressa/apos-a-morte-de-sobrinho-de-miliciano-mais-de-20-onibus-sao-incendiados-no-rio/', 'https://www.cartacapital.com.br/sociedade/quem-era-o-miliciano-que-morreu-antes-dos-incendios-em-mais-de-30-onibus-no-rio/']",https://www.cartacapital.com.br/politica/rio-vai-a-justica-para-impedir-a-volta-de-chefoes-do-trafico-ao-estado/
Influenciadoras brasileiras se desculpam após propaganda de empresa russa investigada por tráfico humano,2026-05-18 18:01:35,,,[],[],https://www.cartacapital.com.br/sociedade/influenciadoras-brasileiras-fazem-propaganda-de-empresa-russa-investigada-por-trafico-humano/
PF repatria bebê que estava em Portugal e foi vítima de tráfico humano,2026-05-18 18:01:36,,,[],"['https://www.cartacapital.com.br/tag/policia-federal/', 'https://www.cartacapital.com.br/tag/portugal/', 'https://www.cartacapital.com.br/tag/mpf/', 'https://www.cartacapital.com.br/tag/trafico-humano/']",https://www.cartacapital.com.br/justica/pf-repatria-bebe-que-estava-em-portugal-e-foi-vitima-de-trafico-humano/
Brasileiros vítimas de tráfico humano são resgatados em Mianmar,2026-05-18 18:01:37,,,['https://conteudo.imguol.com.br/c/noticias/fd/2025/02/11/prints-de-conversa-entre-phelipe-e-o-pai-antes-da-fuga-no-sabado-1739283068038_v2_750x1.png'],"['https://www.cartacapital.com.br/tag/mianmar/', 'https://www.cartacapital.com.br/sociedade/o-que-se-sabe-sobre-o-caso-de-brasileiros-vitimas-de-trafico-humano-em-mianmar/']",https://www.cartacapital.com.br/mundo/brasileiros-vitimas-de-trafico-humano-sao-resgatados-em-mianmar/
O que se sabe sobre o caso dos brasileiros vítimas de tráfico humano em Mianmar,2026-05-18 18:01:39,,,[],['https://www.cartacapital.com.br/tag/mianmar/'],https://www.cartacapital.com.br/sociedade/o-que-se-sabe-sobre-o-caso-de-brasileiros-vitimas-de-trafico-humano-em-mianmar/
Homens e negros são as principais vítimas de tráfico humano no Brasil,2026-05-18 18:01:40,,,[],"['https://www.cartacapital.com.br/?s=tr%C3%A1fico+humano', 'https://www.cartacapital.com.br/?s=minist%C3%A9rio+da+justi%C3%A7a', 'https://www.cartacapital.com.br/?s=trabalho+escravo', 'https://www.cartacapital.com.br/wp-content/uploads/2024/07/cartilha-iv-plano-nacional-de-enfrentamento-ao-trafico-de-pessoas-4.pdf']",https://www.cartacapital.com.br/sociedade/homens-e-negros-sao-as-principais-vitimas-de-trafico-humano-no-brasil/
Mulheres sem terra ocupam latifúndio em Goiás que era utilizado para exploração sexual e tráfico humano,2026-05-18 18:01:41,,,[],[],https://www.cartacapital.com.br/sociedade/mulheres-em-terra-ocupam-latifundio-em-goias-que-era-utilizado-para-exploracao-sexual-e-trafico-humano/
Aumenta número de vítimas de tráfico humano na Europa,2026-05-18 18:01:43,,,[],[],https://www.cartacapital.com.br/sociedade/aumenta-numero-de-vitimas-de-trafico-humano-na-europa/
Operação da Interpol contra o tráfico de seres humanos prende mais 2.500,2026-05-18 18:01:44,,,[],"['https://www.cartacapital.com.br/tag/interpol/', 'https://www.cartacapital.com.br/tag/trafico-humano/', 'https://www.cartacapital.com.br/tag/argentina/', 'https://www.cartacapital.com.br/tag/iraque/', 'https://www.cartacapital.com.br/tag/oriente-medio/', 'https://www.cartacapital.com.br/tag/filipinas/', 'https://www.cartacapital.com.br/mundo/o-lucrativo-e-mortal-trafico-de-migrantes-no-mexico/', 'https://www.cartacapital.com.br/tag/estados-unidos/', 'https://www.cartacapital.com.br/mundo/assembleia-geral-da-interpol-confirma-nomeacao-de-delegado-brasileiro-como-chefe-da-organizacao/']",https://www.cartacapital.com.br/mundo/operacao-da-interpol-contra-o-trafico-de-seres-humanos-prende-mais-2-500/
Julgamento de Evo Morales por suposto tráfico de menor é suspenso na Bolívia,2026-05-18 18:01:45,,,[],"['https://www.cartacapital.com.br/tag/evo-morales/', 'https://www.cartacapital.com.br/tag/bolivia/', 'https://www.cartacapital.com.br/mundo/justica-da-bolivia-convoca-evo-morales-para-julgamento/']",https://www.cartacapital.com.br/mundo/julgamento-de-evo-morales-por-suposto-trafico-de-menor-e-suspenso-na-bolivia/
Novo ataque dos EUA contra suposta lancha do tráfico no Caribe deixa 3 mortos,2026-05-18 18:01:46,,,[],['https://www.cartacapital.com.br/mundo/na-onu-venezuela-pede-a-libertacao-de-maduro/'],https://www.cartacapital.com.br/mundo/novo-ataque-dos-eua-contra-suposta-lancha-do-trafico-no-caribe-deixa-3-mortos/
Projeto de anistia na Venezuela exclui graves violações de direitos humanos,2026-05-18 18:01:47,,,[],"['https://www.cartacapital.com.br/mundo/presidenta-interina-da-venezuela-anuncia-lei-de-anistia-geral/', 'https://www.cartacapital.com.br/mundo/parlamento-da-venezuela-reelege-para-sua-presidencia-jorge-rodriguez-irmao-da-presidenta-interina/']",https://www.cartacapital.com.br/mundo/projeto-de-anistia-na-venezuela-exclui-graves-violacoes-de-direitos-humanos/
"Venezuela identifica ‘restos humanos’ de bombardeio dos EUA, diz ministro",2026-05-18 18:01:50,,,[],"['https://www.cartacapital.com.br/edicao/1395-2/', 'https://www.cartacapital.com.br/mundo/sou-um-prisioneiro-de-guerra-diz-maduro-em-tribunal-nos-eua/', 'https://www.cartacapital.com.br/mundo/venezuela-e-cuba-publicam-listas-com-55-militares-mortos-na-captura-de-maduro-pelos-eua/']",https://www.cartacapital.com.br/mundo/venezuela-identifica-restos-humanos-de-bombardeio-dos-eua-diz-ministro/
Dezenas de sacos com restos humanos são encontrados no oeste do México,2026-05-18 18:01:51,,,[],"['https://www.cartacapital.com.br/mundo/o-que-se-sabe-sobre-a-descoberta-de-restos-humanos-em-um-centro-de-treinamento-criminoso-no-mexico/', 'https://www.cartacapital.com.br/mundo/mexico-entrega-26-supostos-narcotraficantes-aos-eua/']",https://www.cartacapital.com.br/mundo/dezenas-de-sacos-com-restos-humanos-sao-encontrados-no-oeste-do-mexico/
O que se sabe sobre a descoberta de restos humanos em um centro de treinamento criminoso no México,2026-05-18 18:01:52,,,[],['https://www.cartacapital.com.br/tag/mexico/'],https://www.cartacapital.com.br/mundo/o-que-se-sabe-sobre-a-descoberta-de-restos-humanos-em-um-centro-de-treinamento-criminoso-no-mexico/
Barroso defende regulação das redes sociais e alerta para desafio da IA: ‘Imprescindível para proteger direitos humanos’,2026-05-18 18:01:54,,,[],"['https://www.cartacapital.com.br/tag/luis-roberto-barroso/', 'https://www.cartacapital.com.br/tag/sao-paulo/', 'https://www.cartacapital.com.br/tag/inteligencia-artificial/', 'https://www.cartacapital.com.br/tag/bruno-covas/', 'https://www.cartacapital.com.br/justica/barroso-abre-divergencia-e-defende-responsabilizacao-das-redes-diante-de-comprovacao-de-culpa/', 'https://www.cartacapital.com.br/justica/barroso-abre-divergencia-e-defende-responsabilizacao-das-redes-diante-de-comprovacao-de-culpa/']",https://www.cartacapital.com.br/justica/barroso-defende-regulacao-das-redes-sociais-e-alerta-para-desafio-da-ia-imprescindivel-para-proteger-direitos-humanos/
Equador elegerá presidente imerso na violência do tráfico de drogas,2026-05-18 18:01:55,,,[],"['https://www.cartacapital.com.br/tag/daniel-noboa/', 'https://www.cartacapital.com.br/tag/luisa-gonzales/', 'https://www.cartacapital.com.br/tag/equador/']",https://www.cartacapital.com.br/mundo/equador-elegera-presidente-imerso-na-violencia-do-trafico-de-drogas/
Ex-presidente de Honduras é condenado a 45 anos de prisão nos EUA por tráfico de drogas,2026-05-18 18:01:57,,,[],"['https://www.cartacapital.com.br/tag/estados-unidos/', 'https://www.cartacapital.com.br/tag/honduras/', 'https://www.cartacapital.com.br/tag/juan-orlando-hernandez/', 'https://www.cartacapital.com.br/tag/donald-trump/']",https://www.cartacapital.com.br/mundo/ex-presidente-de-honduras-e-condenado-a-45-anos-de-prisao-nos-eua-por-trafico-de-drogas/
Ex-presidente de Honduras é declarado culpado de narcotráfico pela Justiça dos EUA,2026-05-18 18:01:58,,,[],"['https://www.cartacapital.com.br/tag/Juan-Orlando-Hernandez/', 'https://www.cartacapital.com.br/tag/narcotrafico/', 'https://www.cartacapital.com.br/tag/estados-unidos/', 'https://www.cartacapital.com.br/tag/Donald-Trump/']",https://www.cartacapital.com.br/mundo/ex-presidente-de-honduras-e-declarado-culpado-de-narcotrafico-pela-justica-dos-eua/
As violações de direitos humanos e as recomendações de entidades sobre operação no litoral de SP,2026-05-18 18:01:59,,,[],['https://www.cartacapital.com.br/wp-content/uploads/2024/02/direitos-humanos-baixada-santista-IMPRENSA-1.pdf'],https://www.cartacapital.com.br/sociedade/as-violacoes-de-direitos-humanos-e-as-recomendacoes-de-entidades-sobre-operacao-no-litoral-de-sp/
“Dama do tráfico”: o mais novo espantalho da direita,2026-05-18 18:02:01,,,[],"['https://www.cartacapital.com.br/tag/dama-do-trafico/', 'https://www.cartacapital.com.br/tag/ministerio-da-justica/', 'https://www.cartacapital.com.br/tag/ministerio-dos-direitos-humanos-e-da-cidadania/', 'https://www.cartacapital.com.br/tag/silvio-almeida/', 'https://www.cartacapital.com.br/tag/flavio-dino/', 'https://www.cartacapital.com.br/politica/ministerio-admite-ter-pago-passagem-a-dama-do-trafico-mas-nega-contato-com-a-mulher/']",https://www.cartacapital.com.br/opiniao/dama-do-trafico-o-mais-novo-espantalho-da-direita/
"Ministério admite ter pago passagem à ‘dama do tráfico’, mas nega contato com a mulher",2026-05-18 18:02:02,,,[],"['https://www.cartacapital.com.br/tag/comando-vermelho/', 'https://www.cartacapital.com.br/politica/ministerio-da-justica-muda-regras-de-acesso-a-pasta-apos-visita-da-dama-do-trafico/', 'https://www.cartacapital.com.br/?s=dino', 'https://www.cartacapital.com.br/?s=eliaz+vaz', 'https://www.cartacapital.com.br/politica/ministerio-da-justica-muda-regras-de-acesso-a-pasta-apos-visita-da-dama-do-trafico/', 'https://www.cartacapital.com.br/tag/lula/', 'https://www.cartacapital.com.br/politica/lula-sai-em-defesa-de-dino-e-diz-que-ministro-e-alvo-de-ataques-artificialmente-plantados/']",https://www.cartacapital.com.br/politica/ministerio-admite-ter-pago-passagem-a-dama-do-trafico-mas-nega-contato-com-a-mulher/
‘Nada a esconder’: Janones rebate Nikolas por foto com a ‘dama do tráfico’,2026-05-18 18:02:03,,,[],"['https://www.cartacapital.com.br/tag/andre-janones/', 'https://www.cartacapital.com.br/tag/nikolas-ferreira/', 'https://www.cartacapital.com.br/tag/elias-vaz', 'https://www.cartacapital.com.br/politica/o-que-diz-o-secretario-do-ministerio-da-justica-sobre-a-presenca-da-dama-do-trafico-amazonense-em-uma-reuniao/']",https://www.cartacapital.com.br/politica/nada-a-esconder-janones-rebate-nikolas-por-foto-com-a-dama-do-trafico/
"Só restam os garimpeiros ligados ao narcotráfico na Terra Indígena Yanomami, diz ministra Sonia Guajajara",2026-05-18 18:02:06,,,[],"['https://www.cartacapital.com.br/?s=yanomami', 'https://www.cartacapital.com.br/?s=guajajara', 'https://reporterbrasil.org.br/2022/07/exclusivo-apple-google-microsoft-e-amazon-usaram-ouro-ilegal-de-terras-indigenas-brasileiras/']",https://www.cartacapital.com.br/politica/so-restam-os-garimpeiros-ligados-ao-narcotrafico-na-terra-indigena-yanomami-diz-ministra-sonia-guajajara/
Silvio Almeida defende a descriminalização das drogas para combater o tráfico,2026-05-18 18:02:07,,,[],"['https://www.cartacapital.com.br/tag/silvio-almeida/', 'https://www.cartacapital.com.br/tag/camara-dos-deputados/']",https://www.cartacapital.com.br/cartaexpressa/silvio-almeida-defende-a-descriminalizacao-das-drogas-para-combater-o-trafico/
Governo institui o Prêmio Luiz Gama de Direitos Humanos,2026-05-18 18:02:09,,,[],"['https://www.cartacapital.com.br/tag/governo-lula/', 'https://www.cartacapital.com.br/tag/jair-bolsonaro/', 'https://www.cartacapital.com.br/opiniao/frente-ampla/o-racismo-estrutural-tambem-e-resultado-do-mito-da-abolicao/']",https://www.cartacapital.com.br/politica/governo-institui-o-premio-luiz-gama-de-direitos-humanos/
Meta é processada por ‘fechar os olhos’ para tráfico de pessoas no Facebook e Instagram,2026-05-18 18:02:10,,,[],"['https://www.cartacapital.com.br/tag/meta/', 'https://www.cartacapital.com.br/tag/facebook/', 'https://www.cartacapital.com.br/tag/instagram/', 'https://www.cartacapital.com.br/tag/mark-zuckerberg/']",https://www.cartacapital.com.br/tecnologia/meta-e-processada-por-fechar-os-olhos-para-trafico-de-pessoas-no-facebook-e-instagram/
MP do Pará pede provas das acusações feitas por Damares sobre tráfico de crianças,2026-05-18 18:02:12,,,[],"['https://www.cartacapital.com.br/?s=MP+Par%C3%A1', 'https://www.cartacapital.com.br/?s=damares+alves', 'https://www.cartacapital.com.br/cartaexpressa/mpf-da-3-dias-para-governo-detalhar-supostos-crimes-contra-criancas-denunciados-por-damares/']",https://www.cartacapital.com.br/justica/mp-do-para-pede-provas-das-acusacoes-feitas-por-damares-sobre-trafico-de-criancas/
"‘Vagões, disciplinas, travessias, salveiros’: como o tráfico se estruturou na Cracolândia",2026-05-18 18:02:14,,,"['https://www.cartacapital.com.br/wp-content/uploads/2022/06/cracolandia-publica.gif', 'https://www.cartacapital.com.br/wp-content/uploads/2022/06/estrutura-do-trafico-reproducao-relatorio-vagoes-disciplinas-travessias-salveiros-como-trafico-se-estruturou-na-cracolandia.jpeg-768x907.png', 'https://www.cartacapital.com.br/wp-content/uploads/2022/06/ed-delegado-ciro-barros-agencia-publica-vagoes-disciplinas-travessias-salveiros-como-trafico-se-estruturou-na-cracolandia-768x813.png']","['https://www.cartacapital.com.br/politica/com-operacao-contra-entregadores-e-acao-na-cracolandia-campanha-de-rodrigo-garcia-engrossa-o-tom-punitivista/', 'https://www.cartacapital.com.br/tag/cracolandia/', 'https://www.cartacapital.com.br/sociedade/homem-em-situacao-de-rua-e-baleado-e-morto-na-regiao-da-cracolandia-em-sp/', 'https://www.cartacapital.com.br/cartaexpressa/em-mais-uma-operacao-na-cracolandia-policia-usa-atiradores-de-elite-e-veiculo-blindado/', 'https://www.cartacapital.com.br/sociedade/sem-solucoes-efetivas-para-a-cracolandia-o-governo-de-sao-paulo-ainda-aposta-em-repressao/', 'https://www.cartacapital.com.br/politica/erika-hilton-questona-autoridades-por-violacoes-de-direitos-humanos-na-cracolandia/', 'https://www.cartacapital.com.br/tag/pcc/', 'https://www.cartacapital.com.br/tag/trafico-de-drogas/', 'https://www.cartacapital.com.br/sociedade/entre-o-fluxo-e-o-conteiner-um-dia-na-cracolandia-sob-a-gestao-doria/', 'https://www.cartacapital.com.br/tag/cptm/', 'https://tj-sp.jusbrasil.com.br/jurisprudencia/1153657411/habeas-corpus-criminal-hc-21696432420208260000-sp-2169643-2420208260000/inteiro-teor-1153657449', 'https://www.cartacapital.com.br/tag/forum-brasileiro-de-seguranca-publica/', 'https://www1.folha.uol.com.br/cotidiano/2022/05/lagartos-assumiram-trafico-na-cracolandia-no-centro-de-sp-antes-de-migracao.shtml']",https://www.cartacapital.com.br/sociedade/vagoes-disciplinas-travessias-salveiros-como-trafico-se-estruturou-na-cracolandia/
Indigenista desaparecido desafiava narcotráfico e garimpo no Amazonas,2026-05-18 18:02:15,,,[],"['https://www.cartacapital.com.br/tag/funai/', 'https://www.cartacapital.com.br/tag/bruno-araujo-pereira/', 'https://www.cartacapital.com.br/tag/dom-phillips/', 'https://www.cartacapital.com.br/tag/jair-bolsonaro/', 'https://www.cartacapital.com.br/tag/anderson-torres/', 'https://www.cartacapital.com.br/sociedade/pcc-e-o-comando-vermelho-ampliam-o-leque-de-atividades-ilicitas-na-amazonia/', 'https://www.cartacapital.com.br/sociedade/amazonia-pf-detem-dois-suspeitos-pelo-desaparecimento-de-indigenista-e-jornalista-ingles/', 'https://www.cartacapital.com.br/politica/quem-e-o-novo-indio-da-nova-funai-no-governo-bolsonaro/']",https://www.cartacapital.com.br/sociedade/indigenista-desaparecido-desafiava-narcotrafico-e-garimpo-no-amazonas/
Volkswagen é acusada de ‘escravidão’ e ‘tráfico de pessoas’ durante a ditadura no Brasil,2026-05-18 18:02:16,,,[],"['https://www.cartacapital.com.br/tag/volkswagen', 'https://www.cartacapital.com.br/tag/ditadura-militar', 'https://www.cartacapital.com.br/sociedade/volkswagen-reconhece-cumplicidade-com-repressao-durante-ditadura-no-brasil-e-fecha-acordo-com-mpf/']",https://www.cartacapital.com.br/sociedade/volkswagen-e-acusada-de-escravidao-e-trafico-de-pessoas-durante-a-ditadura-no-brasil/
Erika Hilton questiona autoridades por violações de direitos humanos na Cracolândia,2026-05-18 18:02:17,,,[],"['https://www.cartacapital.com.br/tag/erika-hilton/', 'https://legislacao.prefeitura.sp.gov.br/leis/decreto-59246-de-28-de-fevereiro-de-2020', 'https://www.gov.br/mdh/pt-br/acesso-a-informacao/participacao-social/conselho-nacional-de-direitos-humanos-cndh/copy_of_Resolucao40.pdf']",https://www.cartacapital.com.br/politica/erika-hilton-questona-autoridades-por-violacoes-de-direitos-humanos-na-cracolandia/
Justiça de MG absolve Pimentel dos crimes de tráfico de influência e lavagem,2026-05-18 18:02:18,,,[],"['https://www.cartacapital.com.br/tag/fernando-pimentel', 'https://www.cartacapital.com.br/politica/juiz-absolve-fernando-pimentel-em-acao-de-caixa-2-na-operacao-acronimo/']",https://www.cartacapital.com.br/cartaexpressa/justica-de-mg-absolve-pimentel-dos-crimes-de-trafico-de-influencia-e-lavagem/
Pelo menos 145 ativistas de Direitos Humanos foram assassinados na Colômbia em 2021,2026-05-18 18:02:20,,,[],['https://www.cartacapital.com.br/tag/colombia/'],https://www.cartacapital.com.br/mundo/pelo-menos-145-ativistas-de-direitos-humanos-foram-assassinados-na-colombia-em-2021/
Direitos humanos ou barbárie,2026-05-18 18:02:22,,,[],[],https://www.cartacapital.com.br/opiniao/frente-ampla/entre-direitos-humanos-ou-barbarie/
É urgente enfrentar o tráfico de mentiras entre cristãos!,2026-05-18 18:02:23,,,[],"['http://www.coletivobereia.com.br', 'https://youtu.be/nDjvNq2Mn6E', 'https://drive.google.com/file/d/1_uMg4UYDOeptPctggrTaRmUWGHDzqkiU/view', 'https://www.cartacapital.com.br/tag/jair-bolsonaro/', 'https://www.cartacapital.com.br/tag/marcelo-crivella/', 'https://religiaoepoder.org.br/', 'https://www.cartacapital.com.br/blogs/dialogos-da-fe/magali-cunha-a-falacia-da-retorica-sobre-cristofobia/']",https://www.cartacapital.com.br/blogs/dialogos-da-fe/e-urgente-enfrentar-o-trafico-de-mentiras-entre-cristaos/
A construção de direitos humanos é uma tarefa coletiva,2026-05-18 18:02:24,,,[],['https://www.cartacapital.com.br/tag/coronavirus/'],https://www.cartacapital.com.br/opiniao/frente-ampla/construcao-de-direitos-humanos-e-tarefa-coletiva/
Chacina do Jacarezinho: Comissão Arns denuncia na ONU violações de direitos humanos,2026-05-18 18:02:25,,,[],"['https://www.cartacapital.com.br/tag/jacarezinho/', 'https://www.cartacapital.com.br/sociedade/human-rights-watch-pede-investigacao-independente-do-mpf-sobre-jacarezinho/']",https://www.cartacapital.com.br/sociedade/chacina-do-jacarezinho-comissao-arns-denuncia-na-onu-violacoes-de-direitos-humanos/
Preso: é isto um ser humano?,2026-05-18 18:02:26,,,[],"['#_edn1', '#_edn2', '#_edn3', '#_ednref1', '#_ednref1', '#_ednref2', '#_ednref3']",https://www.cartacapital.com.br/opiniao/preso-e-isto-um-ser-humano/
Pequeno mamífero pode ser principal via de transmissão do coronavírus a humanos,2026-05-18 18:02:27,,,[],[],https://www.cartacapital.com.br/saude/pequeno-mamifero-pode-ser-principal-via-de-transmissao-do-coronavirus-a-humanos/
O tráfico de drogas é uma tragédia porque é a cara do capitalismo,2026-05-18 18:02:30,,,[],[],https://www.cartacapital.com.br/opiniao/o-trafico-de-drogas-e-uma-tragedia-porque-e-a-cara-do-capitalismo/
"Escravidão é parte do ser humano, diz deputado monarquista do PSL",2026-05-18 18:02:31,,,[],[],https://www.cartacapital.com.br/politica/escravidao-e-parte-do-ser-humano-diz-deputado-monarquista-do-psl/
Damares Alves é fundadora de ONG acusada de tráfico de crianças,2026-05-18 18:02:32,,,[],"['https://www.cartacapital.com.br/mundo/brasil-troca-direitos-humanos-por-valores-familiares-diz-guardian/', 'https://www.cartacapital.com.br/politica/a-cruzada-missionaria-contra-a-funai/', 'https://www.cartacapital.com.br/opiniao/a-cruzada-missionaria-contra-a-funai/?utm_source=leiamais']",https://www.cartacapital.com.br/sociedade/damares-alves-e-fundadora-de-ong-acusada-de-trafico-de-criancas/
Tráfico de pessoas dispara no Uruguai,2026-05-18 18:02:33,,,[],"['../../internacional/chile-condena-militares-por-morte-de-opositores-em-1973', '../../sociedade/venezuelanos-em-roraima-sao-vitimas-de-exploracao', '../../internacional/uruguai-oasis-de-tranquilidade-no-turbulento-cone-sul', '../../sociedade/o-combate-ao-abuso-e-a-exploracao-de-criancas-e-as-feridas-invisiveis', '../../internacional/nova-constituicao-cubana-elimina-termo-201ccomunismo201d', 'https://www.afp.com/pt']",https://www.cartacapital.com.br/mundo/correntes-invisiveis-o-trafico-de-pessoas-dispara-no-uruguai/
A invisível realidade do tráfico de pessoas,2026-05-18 18:02:34,,,[],[],https://www.cartacapital.com.br/sociedade/a-invisivel-realidade-do-trafico-de-pessoas/
Governo lança novo plano para combater o tráfico de pessoas,2026-05-18 18:02:35,,,[],[],https://www.cartacapital.com.br/sociedade/governo-lanca-novo-plano-para-combater-o-trafico-de-pessoas/
CPI do Tráfico de Pessoas termina com proposta de punições mais rígidas,2026-05-18 18:02:36,,,[],['http://agenciabrasil.ebc.com.br/noticia/2012-12-19/cpi-do-trafico-de-pessoas-termina-com-proposta-de-punicoes-mais-rigidas'],https://www.cartacapital.com.br/politica/cpi-do-trafico-de-pessoas-termina-com-proposta-de-punicoes-mais-rigidas/
CPI do Tráfico de Pessoas termina com proposta de punições mais rígidas,2026-05-18 18:02:37,,,[],['http://agenciabrasil.ebc.com.br/noticia/2012-12-19/cpi-do-trafico-de-pessoas-termina-com-proposta-de-punicoes-mais-rigidas'],https://www.cartacapital.com.br/politica/cpi-do-trafico-de-pessoas-termina-com-proposta-de-punicoes-mais-rigidas/
“Direitos humanos para humanos direitos”,2026-05-18 18:02:39,,,[],[],https://www.cartacapital.com.br/politica/direitos-humanos-para-humanos-direitos/
“Direitos humanos para humanos direitos”,2026-05-18 18:02:40,,,[],[],https://www.cartacapital.com.br/politica/direitos-humanos-para-humanos-direitos/
Justiça de SP mantém prisão de Hytalo Santos e marido após audiência de custódia,2026-05-18 18:02:41,,,[],"['https://www.cartacapital.com.br/sociedade/influenciador-hytalo-santos-e-preso-em-operacao-contra-exploracao-sexual-infantil/', 'https://www.cartacapital.com.br/sociedade/como-felca-pautou-o-debate-nas-redes-sociais/', 'https://www.cartacapital.com.br/sociedade/hytalo-santos-estava-em-rota-de-fuga-do-brasil-diz-delegado/']",https://www.cartacapital.com.br/cartaexpressa/justica-de-sp-mantem-prisao-de-hytalo-santos-e-marido-apos-audiencia-de-custodia/
Influenciador Hytalo Santos é preso em operação contra exploração sexual infantil,2026-05-18 18:02:42,,,[],"['https://www.cartacapital.com.br/sociedade/como-felca-pautou-o-debate-nas-redes-sociais/', 'https://www.cartacapital.com.br/sociedade/pf-prende-quatro-policiais-de-sao-paulo-suspeitos-de-cobrar-propina-de-funkeiros/']",https://www.cartacapital.com.br/sociedade/influenciador-hytalo-santos-e-preso-em-operacao-contra-exploracao-sexual-infantil/
Brasileiros resgatados em Mianmar chegam em Guarulhos,2026-05-18 18:02:43,,,[],"['https://www.cartacapital.com.br/mundo/brasileiros-vitimas-de-trafico-humano-sao-resgatados-em-mianmar/', 'https://www.cartacapital.com.br/sociedade/o-que-se-sabe-sobre-o-caso-de-brasileiros-vitimas-de-trafico-humano-em-mianmar/']",https://www.cartacapital.com.br/sociedade/brasileiros-resgatados-em-mianmar-chegam-em-guarulhos/
Holandeses vão à Grécia buscar refugiados em véspera de Natal,2026-05-18 18:02:44,,,[],"['https://www.cartacapital.com.br/mundo/republica-tcheca-tem-so-12-refugiados-mas-medo-de-migrante-domina-eleicao/', 'https://www.cartacapital.com.br/mundo/caravanas-de-migrantes-sao-alvo-de-xenofobia-no-mexico/?utm_source=leiamais', 'https://www.cartacapital.com.br/mundo/razao-primordial-humanidade-diz-prefeito-que-acolheu-imigrantes-na-espanha/?utm_source=leiamais']",https://www.cartacapital.com.br/mundo/holandeses-vao-a-grecia-buscar-refugiados-em-vespera-de-natal/
Cuba acusa EUA de ‘extorquir’ países da América Latina para sufocar sua economia,2026-05-18 18:02:45,,,[],['https://www.cartacapital.com.br/mundo/trump-diz-que-cuba-e-a-proxima-em-discurso/'],https://www.cartacapital.com.br/mundo/cuba-acusa-eua-de-extorquir-paises-da-america-latina-para-sufocar-sua-economia/
Hytalo Santos e marido são condenados por exploração sexual; defesa vai recorrer,2026-05-18 18:02:47,,,[],"['https://www.cartacapital.com.br/tag/hytalo-santos/', 'https://www.cartacapital.com.br/tag/israel-nata-vicente/', 'https://www.cartacapital.com.br/tag/felca/', 'https://www.cartacapital.com.br/sociedade/influenciador-hytalo-santos-e-preso-em-operacao-contra-exploracao-sexual-infantil/']",https://www.cartacapital.com.br/justica/hytalo-santos-e-marido-sao-condenados-por-exploracao-sexual-defesa-vai-recorrer/
Julio Iglesias nega acusações de assédio sexual feitas por ex-funcionárias,2026-05-18 18:02:48,,,[],"['https://www.cartacapital.com.br/tag/julio-iglesias/', 'https://www.cartacapital.com.br/mundo/ex-funcionarias-denunciam-julio-iglesias-por-supostas-agressoes-sexuais/']",https://www.cartacapital.com.br/mundo/julio-iglesias-nega-acusacoes-de-assedio-sexual-feitas-por-ex-funcionarias/
Congresso apresenta mais de um projeto por dia em meio a comoção pós-Felca,2026-05-18 18:02:50,,,[],"['https://www.cartacapital.com.br/politica/efeito-felca/', 'https://www.cartacapital.com.br/politica/congresso-aprova-o-pl-da-adultizacao-veja-os-pontos-principais/', 'https://www.youtube.com/watch?v=FpsCzFGL1LE', 'https://www.cartacapital.com.br/opiniao/o-que-o-caso-hytalo-expoe-e-mais-profundo/', 'https://www.camara.leg.br/proposicoesWeb/fichadetramitacao?idProposicao=2547151', 'https://www.camara.leg.br/proposicoesWeb/prop_autores;jsessionid=node01oaup0v25am84emvhzzrzir4c93897.node0?idProposicao=2547151', 'https://www.camara.leg.br/proposicoesWeb/fichadetramitacao?idProposicao=2548924', 'https://www.camara.leg.br/proposicoesWeb/fichadetramitacao?idProposicao=2542958', 'https://www25.senado.leg.br/web/atividade/materias/-/materia/154901', 'https://docs.google.com/spreadsheets/d/1lY5zIi5QwflNrz8ycVKDALDduOcU7DyRv0tk19hBZ-4/edit?gid=297116226#gid=297116226', 'https://www.cartacapital.com.br/opiniao/escolas-militarizadas-pedagogia-da-repressao-e-exterminio-da-juventude/', 'https://www25.senado.leg.br/web/atividade/materias/-/materia/166801']",https://www.cartacapital.com.br/artigo/congresso-apresenta-mais-de-um-projeto-por-dia-em-meio-a-comocao-pos-felca/
MPT pede bloqueio de bens de influenciador Hytalo Santos,2026-05-18 18:02:51,,,[],['https://www.cartacapital.com.br/opiniao/o-que-o-caso-hytalo-expoe-e-mais-profundo/'],https://www.cartacapital.com.br/justica/mpt-pede-bloqueio-de-bens-de-influenciador-hytalo-santos/
